Workbook

Sheet Pilot站点
A1: Node_New | B1: Tech | E1: Antenna | G1: MIMO | R1: Power | X1: Power Margin
B2: Pre | C2: Post | D2: Change | E2: Pre | F2: Post | G2: Pre | M2: Post | R2: Pre | U2: Post | X2: Low Band | AB2: High Band
G3: 700 | H3: 1900 | K3: 2600 | M3: 700 | O3: 1900 | P3: 2600 | R3: 700 | S3: 1900 | T3: 2600 | U3: 700 | V3: 1900 | W3: 2600
G4: 2T2R | H4: 1T2R | I4: 2T2R | J4: 4T4R | K4: 2T2R | L4: 4T4R | M4: 2T2R | N4: 4T4R | O4: 4T4R | P4: 2T2R | Q4: 4T4R | X4: S1 | Y4: S2 | Z4: S3 | AA4: S4 | AB4: S1 | AC4: S2 | AD4: S3 | AE4: S4
A5: BATNO | B5: B5/B7/N78 | C5: B5/B7/N78 64T64R | D5: L2L | E5: ATR4518R13 | F5: ATR4518R13 | K5: 3 | Q5: 3 | T5: 120 | W5: 240 | X5: 80 | Y5: 80 | Z5: 80 | AB5: 120 | AC5: 120 | AD5: 120 | AE5: -
A6: BATUC | B6: B5/B7 | C6: B5/B7 | D6: L2L | E6: ATR4518R13 | F6: ATR4518R13 | L6: 2 | Q6: 2 | T6: 320 | W6: 320 | X6: 80 | Y6: 80 | AB6: 100 | AC6: 100 | AD6: 0 | AE6: -
A7: BATUF | B7: B28/B5/B2/B7 | C7: B28/B5/B2/B7/N78 32T32R | D7: OVERLAY N78 | E7: ODI2-065R16MJJ02-GQ V2 | F7: ODI2-065R16MJJ02-GQ V2 | G7: 3 | J7: 3 | L7: 3 | N7: 3 | O7: 3 | Q7: 3 | R7: 60 | S7: 240 | T7: 240 | U7: 120 | V7: 240 | W7: 240 | X7: 50 | Y7: 50 | Z7: 50 | AB7: 100 | AC7: 100 | AD7: 100 | AE7: -
A8: CFUCE | B8: B28/B5/B2/B7 | C8: B28/B5/B2/B7 | D8: L2L | E8: 2G4WD-21A | F8: 2G4WD-21A | G8: 3 | J8: 3 | L8: 3 | N8: 3 | O8: 3 | Q8: 3 | R8: 60 | S8: 240 | T8: 240 | U8: 120 | V8: 240 | W8: 240 | X8: 70 | Y8: 70 | Z8: 70 | AB8: 100 | AC8: 100 | AD8: 100 | AE8: -
A9: CLIPA | B9: B28/B5/B2/B7/N78 | C9: B28/B5/B2/B7/N78 64T64R | D9: L2L | E9: ASI4517R3v06+ODP-065R17BV | F9: ASI4517R3v06+ODP-065R17BV | G9: 3 | I9: 3 | L9: 3 | N9: 3 | O9: 3 | Q9: 3 | R9: 60 | S9: 120 | T9: 320 | U9: 120 | V9: 240 | W9: 320 | X9: 50 | Y9: 50 | Z9: 50 | AA9: 80 | AB9: 100 | AC9: 100 | AD9: 80 | AE9: -
A10: COHUE | B10: B28/B5/B2/B7/N78 | C10: B28/B5/B2/B7/N78 64T64R | D10: L2L | E10: 2G4WD-21A | F10: 2G4WD-21A | G10: 3 | J10: 3 | L10: 2 | N10: 3 | O10: 3 | Q10: 2 | R10: 120 | S10: 240 | T10: 320 | U10: 240 | V10: 240 | W10: 320 | X10: 60 | Y10: 60 | Z10: 60 | AB10: 80 | AC10: 80 | AD10: 120 | AE10: -
A11: COINP | B11: B5/B7/N78 | C11: B5/B7/N78 64T64R | D11: L2L | E11: ASI4518R64v06 | F11: ASI4518R64v06 | L11: 3 | Q11: 3 | T11: 480 | W11: 480 | X11: 80 | Y11: 80 | Z11: 80 | AB11: 100 | AC11: 100 | AD11: 100 | AE11: -
A12: CPQG1 | B12: B5/B7/N78 | C12: B5/B7/N78 64T64R | D12: L2L | E12: APXV86-906513L+W2X-6516DS-VTM | F12: APXV86-906513L+W2X-6516DS-VTM | K12: 3 | P12: 3 | T12: 240 | W12: 240 | X12: 80 | Y12: 100 | Z12: 100 | AB12: 100 | AC12: 100 | AD12: 100 | AE12: -
A13: CTREN | B13: B28/N78 | C13: B28/B5/N78 64T64R | D13: OVERLAY B5 | E13: ATR4518R13 | F13: ATR4518R13 | G13: 3 | M13: 3 | R13: 120 | U13: 120 | X13: 80 | Y13: 80 | Z13: 80 | AB13: - | AC13: - | AD13: - | AE13: -
A14: DHLMF | B14: B28/B5/B2/B7/N78 | C14: B28/B5/B2/B7/N78 64T64R | D14: L2L | E14: 2G4WD-21A | F14: 2G4WD-21A | G14: 3 | J14: 3 | L14: 3 | N14: 3 | O14: 3 | Q14: 3 | R14: 120 | S14: 240 | T14: 480 | U14: 240 | V14: 240 | W14: 480 | X14: 60 | Y14: 60 | Z14: 60 | AB14: 80 | AC14: 80 | AD14: 80 | AE14: -
A15: DHUEF | B15: B28/B5/B2/B7/N78 | C15: B28/B5/B2/B7/N78 64T64R | D15: L2L | E15: ASI4517R3v06 | F15: ASI4517R3v06 | G15: 3 | I15: 3 | L15: 3 | N15: 3 | O15: 3 | Q15: 3 | R15: 120 | S15: 240 | T15: 480 | U15: 240 | V15: 480 | W15: 480 | X15: 60 | Y15: 60 | Z15: 60 | AB15: 60 | AC15: 60 | AD15: 60 | AE15: -
A16: JBALI | B16: B28/B5/B2/B7 | C16: B28/B5/B2/B7 | D16: L2L | E16: 2G4WD-21A | F16: 2G4WD-21A | G16: 3 | J16: 3 | L16: 3 | N16: 3 | O16: 3 | Q16: 3 | R16: 60 | S16: 240 | T16: 480 | U16: 120 | V16: 240 | W16: 480 | X16: 70 | Y16: 70 | Z16: 70 | AB16: 80 | AC16: 80 | AD16: 80 | AE16: -
A17: LAMP2 | B17: B28/B5/B2/B7 | C17: B28/B5/B2/B7/N78 32T32R | D17: OVERLAY N78 | E17: FASC_087623A | F17: New Antennna | G17: 3 | J17: 3 | K17: 3 | N17: 3 | O17: 3 | Q17: 3 | R17: 60 | S17: 240 | T17: 240 | U17: 120 | V17: 240 | W17: 480 | X17: 70 | Y17: 70 | Z17: 70 | AB17: 80 | AC17: 80 | AD17: 80 | AE17: -
A18: LARAL | B18: B28/B5/B2/B7 | C18: B28/B5/B2/B7 | D18: L2L | E18: 2G4WD-21A | F18: 2G4WD-21A | G18: 3 | J18: 3 | L18: 4 | N18: 3 | O18: 3 | Q18: 4 | R18: 60 | S18: 240 | T18: 640 | U18: 120 | V18: 240 | W18: 640 | X18: 70 | Y18: 70 | Z18: 70 | AB18: 80 | AC18: 80 | AD18: 80 | AE18: 100
A19: LARIB | B19: B28/B5/B2/B7 | C19: B28/B5/B2/B7/N78 32T32R | D19: OVERLAY N78 | E19: ODI-065R16MM18JJJ-GQ | F19: ODI-065R16MM18JJJ-GQ | G19: 3 | J19: 3 | K19: 3 | N19: 3 | O19: 3 | Q19: 3 | R19: 60 | S19: 320 | T19: 240 | U19: 120 | V19: 320 | W19: 480 | X19: 70 | Y19: 70 | Z19: 70 | AB19: 60 | AC19: 80 | AD19: 80 | AE19: -
A20: LMPF2 | B20: B28/B5/B2/B7 | C20: B28/B5/B2/B7/N78 32T32R | D20: OVERLAY N78 | E20: ASI4517R3v06 | F20: ASI4517R3v06 | G20: 3 | J20: 3 | L20: 3 | N20: 3 | O20: 3 | Q20: 3 | R20: 60 | S20: 240 | T20: 480 | U20: 120 | V20: 240 | W20: 480 | X20: 50 | Y20: 50 | Z20: 50 | AB20: 80 | AC20: 80 | AD20: 80 | AE20: -
A21: LOMIA | B21: B28/B5/B2/B7/N78 | C21: B28/B5/B2/B7/N78 64T64R | D21: L2L | E21: ASI4517R3v06 | F21: ASI4517R3v06 | G21: 3 | J21: 3 | L21: 3 | N21: 3 | O21: 3 | Q21: 3 | R21: 120 | S21: 240 | T21: 480 | U21: 240 | V21: 240 | W21: 480 | X21: 60 | Y21: 60 | Z21: 60 | AB21: 80 | AC21: 80 | AD21: 80 | AE21: -
A22: OLIBA | B22: B28/B5 | C22: B28/B5 | D22: L2L | E22: 2G4WD-21A | F22: 2G4WD-21A | G22: 2 | N22: 2 | R22: 80 | U22: 160 | X22: 60 | Y22: 60 | AB22: - | AC22: - | AD22: - | AE22: -
A23: RIFLO | B23: B5/B7/N78 | C23: B5/B7/N78 64T64R | D23: L2L | E23: ASI4518R64v06 | F23: ASI4518R64v06 | L23: 3 | Q23: 3 | T23: 480 | W23: 480 | X23: 80 | Y23: 80 | Z23: 80 | AB23: 100 | AC23: 100 | AD23: 100 | AE23: -
A24: VNCRZ | B24: B28/B5/B2/B7/N78 | C24: B28/B5/B2/B7/N78 64T64R | D24: L2L | E24: 80010991 | F24: 80010991 | G24: 3 | H24: 3 | L24: 3 | N24: 3 | O24: 3 | Q24: 3 | R24: 120 | S24: 120 | T24: 480 | U24: 240 | V24: 480 | W24: 480 | X24: 60 | Y24: 60 | Z24: 60 | AB24: 60 | AC24: 60 | AD24: 60 | AE24: -
E35: Band | F35: 现网站点 | G35: 现网4T4R数量 | H35: 现网4T4R占比 | I35: 替换后站点 | J35: 替换后4T4R数量 | K35: 替换后4T4R占比
E36: 700M | F36: 383 | G36: 0 | H36: 0 | I36: 398 | J36: 271 | K36: 0.68
E37: 1900M | F37: 288 | G37: 194 | H37: 0.67 | I37: 313 | J37: 308 | K37: 0.98
E38: 2600M | F38: 641 | G38: 180 | H38: 0.28 | I38: 651 | J38: 524 | K38: 0.8

Sheet Verson Update
A1: Verson | B1: Update | C1: Update Date
A2: V1.1.1 | B2: Pilot planning（9） | C2: 46184
A3: V1.1.2 | B3: 高优先级站点（46） | C3: 46187

Sheet RF Parameter
A1: Site Name | B1: NE Name | C1: Existing vendor | D1: Comment | E1: Split | F1: Site latitude | G1: Site longitude | H1: Cell Name_Existing | I1: Cell Name_New | K1: Sector | L1: Tech | M1: Band | N1: Antenna_Mbitel | O1: Antenna height_Mbitel | P1: Antenna azimuth_Mbitel | Q1: E_Tilt_Mobitel | R1: M_Tilt_Mobitel | S1: Antenna_TSSR | T1: Antenna height_TSSR | U1: Antenna azimuth_TSSR | V1: Mechanical tilt_TSSR | W1: Electrical tilt_TSSR | X1: TSSR Status | Y1: MIMO_Existing | Z1: 天线最大端口数 | AA1: MIMO_New | AB1: RRU Type | AC1: RRU Type_2 | AD1: Antenna_Plan | AE1: Antenna height_Plan | AF1: Antenna azimuth_Plan | AG1: Mechanical tilt_Plan | AH1: Electrical tilt_Plan | AI1: FDD\TDD | AL1: comment
A2: GMDAD1 | B2: GMDAD1_G_Dadagamuwa_8_Gm | C2: Huawei | F2: 7.13907 | G2: 80.0639 | H2: GMDAD1P | K2: S1 | L2: 2G | M2: 1800 | N2: AQU4518R9v06 | O2: 0 | P2: 90 | R2: 2 | AA2: 1T1R | AB2: R9264 M1821N | AC2: R9254E S8500*2+R9264 M1821N*3 | AD2: AQU4518R9v06 | AE2: 0 | AF2: 90 | AH2: 2 | AL2: pilot'
A3: GMDAD1 | B3: GMDAD1_G_Dadagamuwa_8_Gm | C3: Huawei | F3: 7.13907 | G3: 80.0639 | H3: GMDAD1Q | K3: S2 | L3: 2G | M3: 1800 | N3: AQU4518R9v06 | O3: 0 | P3: 210 | R3: 2 | AA3: 1T1R | AB3: R9264 M1821N | AC3: R9254E S8500*2+R9264 M1821N*3 | AD3: AQU4518R9v06 | AE3: 0 | AF3: 210 | AH3: 2 | AL3: pilot'
A4: GMDAD1 | B4: GMDAD1_G_Dadagamuwa_8_Gm | C4: Huawei | F4: 7.13907 | G4: 80.0639 | H4: GMDAD1R | K4: S3 | L4: 2G | M4: 1800 | N4: AQU4518R9v06 | O4: 0 | P4: 330 | R4: 2 | AA4: 1T1R | AB4: R9264 M1821N | AC4: R9254E S8500*2+R9264 M1821N*3 | AD4: AQU4518R9v06 | AE4: 0 | AF4: 330 | AH4: 2 | AL4: pilot'
A5: GMDAD1 | B5: GMDAD1_G0L00_Dadagamuwa_IP_Gm | C5: Huawei | F5: 7.13907 | G5: 80.0639 | H5: GMDAD1-M-L21-A2 | K5: S1 | L5: 4G | M5: 2100 | N5: AQU4518R9v06 | O5: 50 | P5: 90 | R5: 0 | Y5: 2T2R | Z5: 6T6R | AA5: 4T4R | AB5: R9264 M1821N | AC5: R9254E S8500*2+R9264 M1821N*3 | AD5: AQU4518R9v06 | AE5: 50 | AF5: 90 | AH5: 0 | AI5: =_xlfn.XLOOKUP(A5,'[2]177+10+50 Sites (detail)'!$B:$B,'[2]177+10+50 Sites (detail)'!$I:$I) | AJ5: =_xlfn.XLOOKUP(A5,[3]最小距离站点!$A:$A,[3]最小距离站点!$B:$B) | AK5: =_xlfn.XLOOKUP(A5,[3]最小距离站点!$A:$A,[3]最小距离站点!$C:$C) | AL5: pilot'
A6: GMDAD1 | B6: GMDAD1_G0L00_Dadagamuwa_IP_Gm | C6: Huawei | F6: 7.13907 | G6: 80.0639 | H6: GMDAD1G | K6: S1 | L6: 4G | M6: 1800 | N6: AQU4518R9v06 | O6: 50 | P6: 90 | R6: 0 | Y6: 2T2R | Z6: 6T6R | AA6: 4T4R | AB6: R9264 M1821N | AC6: R9254E S8500*2+R9264 M1821N*3 | AD6: AQU4518R9v06 | AE6: 50 | AF6: 90 | AH6: 0 | AI6: =_xlfn.XLOOKUP(A6,'[2]177+10+50 Sites (detail)'!$B:$B,'[2]177+10+50 Sites (detail)'!$I:$I) | AJ6: =_xlfn.XLOOKUP(A6,[3]最小距离站点!$A:$A,[3]最小距离站点!$B:$B) | AK6: =_xlfn.XLOOKUP(A6,[3]最小距离站点!$A:$A,[3]最小距离站点!$C:$C) | AL6: pilot'
A7: GMDAD1 | B7: GMDAD1_G0L00_Dadagamuwa_IP_Gm | C7: Huawei | F7: 7.13907 | G7: 80.0639 | H7: GMDAD1-M-L85-A1 | K7: S1 | L7: 4G | M7: 850 | N7: AQU4518R9v06 | O7: 50 | P7: 90 | R7: 0 | Y7: 2T2R | Z7: 2T2R | AA7: 2T2R | AB7: R9254E S8500 | AC7: R9254E S8500*2+R9264 M1821N*3 | AD7: AQU4518R9v06 | AE7: 50 | AF7: 90 | AH7: 0 | AI7: =_xlfn.XLOOKUP(A7,'[2]177+10+50 Sites (detail)'!$B:$B,'[2]177+10+50 Sites (detail)'!$I:$I) | AJ7: =_xlfn.XLOOKUP(A7,[3]最小距离站点!$A:$A,[3]最小距离站点!$B:$B) | AK7: =_xlfn.XLOOKUP(A7,[3]最小距离站点!$A:$A,[3]最小距离站点!$C:$C) | AL7: pilot'
A8: GMDAD1 | B8: GMDAD1_G0L00_Dadagamuwa_IP_Gm | C8: Huawei | F8: 7.13907 | G8: 80.0639 | H8: GMDAD1-M-L21-B2 | K8: S2 | L8: 4G | M8: 2100 | N8: AQU4518R9v06 | O8: 50 | P8: 210 | R8: 0 | Y8: 2T2R | Z8: 6T6R | AA8: 4T4R | AB8: R9264 M1821N | AC8: R9254E S8500*2+R9264 M1821N*3 | AD8: AQU4518R9v06 | AE8: 50 | AF8: 210 | AH8: 0 | AI8: =_xlfn.XLOOKUP(A8,'[2]177+10+50 Sites (detail)'!$B:$B,'[2]177+10+50 Sites (detail)'!$I:$I) | AJ8: =_xlfn.XLOOKUP(A8,[3]最小距离站点!$A:$A,[3]最小距离站点!$B:$B) | AK8: =_xlfn.XLOOKUP(A8,[3]最小距离站点!$A:$A,[3]最小距离站点!$C:$C) | AL8: pilot'
A9: GMDAD1 | B9: GMDAD1_G0L00_Dadagamuwa_IP_Gm | C9: Huawei | F9: 7.13907 | G9: 80.0639 | H9: GMDAD1H | K9: S2 | L9: 4G | M9: 1800 | N9: AQU4518R9v06 | O9: 50 | P9: 210 | R9: 0 | Y9: 2T2R | Z9: 6T6R | AA9: 4T4R | AB9: R9264 M1821N | AC9: R9254E S8500*2+R9264 M1821N*3 | AD9: AQU4518R9v06 | AE9: 50 | AF9: 210 | AH9: 0 | AI9: =_xlfn.XLOOKUP(A9,'[2]177+10+50 Sites (detail)'!$B:$B,'[2]177+10+50 Sites (detail)'!$I:$I) | AJ9: =_xlfn.XLOOKUP(A9,[3]最小距离站点!$A:$A,[3]最小距离站点!$B:$B) | AK9: =_xlfn.XLOOKUP(A9,[3]最小距离站点!$A:$A,[3]最小距离站点!$C:$C) | AL9: pilot'
A10: GMDAD1 | B10: GMDAD1_G0L00_Dadagamuwa_IP_Gm | C10: Huawei | F10: 7.13907 | G10: 80.0639 | H10: GMDAD1-M-L85-B1 | K10: S2 | L10: 4G | M10: 850 | N10: AQU4518R9v06 | O10: 50 | P10: 210 | R10: 0 | Y10: 2T2R | Z10: 2T2R | AA10: 2T2R | AB10: R9254E S8500 | AC10: R9254E S8500*2+R9264 M1821N*3 | AD10: AQU4518R9v06 | AE10: 50 | AF10: 210 | AH10: 0 | AI10: =_xlfn.XLOOKUP(A10,'[2]177+10+50 Sites (detail)'!$B:$B,'[2]177+10+50 Sites (detail)'!$I:$I) | AJ10: =_xlfn.XLOOKUP(A10,[3]最小距离站点!$A:$A,[3]最小距离站点!$B:$B) | AK10: =_xlfn.XLOOKUP(A10,[3]最小距离站点!$A:$A,[3]最小距离站点!$C:$C) | AL10: pilot'
A11: GMDAD1 | B11: GMDAD1_G0L00_Dadagamuwa_IP_Gm | C11: Huawei | F11: 7.13907 | G11: 80.0639 | H11: GMDAD1-M-L21-C2 | K11: S3 | L11: 4G | M11: 2100 | N11: AQU4518R9v06 | O11: 50 | P11: 330 | R11: 0 | Y11: 2T2R | Z11: 6T6R | AA11: 4T4R | AB11: R9264 M1821N | AC11: R9254E S8500*2+R9264 M1821N*3 | AD11: AQU4518R9v06 | AE11: 50 | AF11: 330 | AH11: 0 | AI11: =_xlfn.XLOOKUP(A11,'[2]177+10+50 Sites (detail)'!$B:$B,'[2]177+10+50 Sites (detail)'!$I:$I) | AJ11: =_xlfn.XLOOKUP(A11,[3]最小距离站点!$A:$A,[3]最小距离站点!$B:$B) | AK11: =_xlfn.XLOOKUP(A11,[3]最小距离站点!$A:$A,[3]最小距离站点!$C:$C) | AL11: pilot'
A12: GMDAD1 | B12: GMDAD1_G0L00_Dadagamuwa_IP_Gm | C12: Huawei | F12: 7.13907 | G12: 80.0639 | H12: GMDAD1I | K12: S3 | L12: 4G | M12: 1800 | N12: AQU4518R9v06 | O12: 50 | P12: 330 | R12: 0 | Y12: 2T2R | Z12: 6T6R | AA12: 4T4R | AB12: R9264 M1821N | AC12: R9254E S8500*2+R9264 M1821N*3 | AD12: AQU4518R9v06 | AE12: 50 | AF12: 330 | AH12: 0 | AI12: =_xlfn.XLOOKUP(A12,'[2]177+10+50 Sites (detail)'!$B:$B,'[2]177+10+50 Sites (detail)'!$I:$I) | AJ12: =_xlfn.XLOOKUP(A12,[3]最小距离站点!$A:$A,[3]最小距离站点!$B:$B) | AK12: =_xlfn.XLOOKUP(A12,[3]最小距离站点!$A:$A,[3]最小距离站点!$C:$C) | AL12: pilot'
A13: GMDAD1 | B13: GMDAD1_G0L00_Dadagamuwa_IP_Gm | C13: Huawei | F13: 7.13907 | G13: 80.0639 | H13: GMDAD1-M-L85-C1 | K13: S3 | L13: 4G | M13: 850 | N13: AQU4518R9v06 | O13: 50 | P13: 330 | R13: 0 | Y13: 2T2R | Z13: 2T2R | AA13: 2T2R | AB13: R9254E S8500 | AC13: R9254E S8500*2+R9264 M1821N*3 | AD13: AQU4518R9v06 | AE13: 50 | AF13: 330 | AH13: 0 | AI13: =_xlfn.XLOOKUP(A13,'[2]177+10+50 Sites (detail)'!$B:$B,'[2]177+10+50 Sites (detail)'!$I:$I) | AJ13: =_xlfn.XLOOKUP(A13,[3]最小距离站点!$A:$A,[3]最小距离站点!$B:$B) | AK13: =_xlfn.XLOOKUP(A13,[3]最小距离站点!$A:$A,[3]最小距离站点!$C:$C) | AL13: pilot'
A14: GMKAL2 | B14: GMKAL2_G_Kalagedihena__89__Gm | C14: Huawei | F14: 7.117603 | G14: 80.06068 | H14: GMKAL2P | K14: S1 | L14: 2G | M14: 1800 | N14: AQU4518R9v06 | O14: 0 | P14: 40 | R14: 2 | Y14: 1T1R | AA14: 1T1R | AB14: R9264H M901821 | AC14: A9652 S35*3+R9264H M901821*4+R9254E S8500*2+FL8590A*4 | AD14: AQU4518R9v06 | AE14: 0 | AF14: 40 | AH14: 2 | AL14: pilot'
A15: GMKAL2 | B15: GMKAL2_G_Kalagedihena__89__Gm | C15: Huawei | F15: 7.117603 | G15: 80.06068 | H15: GMKAL2A | K15: S1 | L15: 2G | M15: 900 | N15: AQU4518R9v06 | O15: 0 | P15: 40 | R15: 2 | AA15: 1T1R | AB15: R9264H M901821 | AC15: A9652 S35*3+R9264H M901821*4+R9254E S8500*2+FL8590A*4 | AD15: AQU4518R9v06 | AE15: 0 | AF15: 40 | AH15: 2 | AL15: pilot'
A16: GMKAL2 | B16: GMKAL2_G_Kalagedihena__89__Gm | C16: Huawei | F16: 7.117603 | G16: 80.06068 | H16: GMKAL2Q | K16: S2 | L16: 2G | M16: 1800 | N16: AQU4518R9v06 | O16: 0 | P16: 165 | R16: 2 | Y16: 1T1R | AA16: 1T1R | AB16: R9264H M901821 | AC16: A9652 S35*3+R9264H M901821*4+R9254E S8500*2+FL8590A*4 | AD16: AQU4518R9v06 | AE16: 0 | AF16: 165 | AH16: 2 | AL16: pilot'
A17: GMKAL2 | B17: GMKAL2_G_Kalagedihena__89__Gm | C17: Huawei | F17: 7.117603 | G17: 80.06068 | H17: GMKAL2B | K17: S2 | L17: 2G | M17: 900 | N17: AQU4518R9v06 | O17: 0 | P17: 165 | R17: 2 | AA17: 1T1R | AB17: R9264H M901821 | AC17: A9652 S35*3+R9264H M901821*4+R9254E S8500*2+FL8590A*4 | AD17: AQU4518R9v06 | AE17: 0 | AF17: 165 | AH17: 2 | AL17: pilot'
A18: GMKAL2 | B18: GMKAL2_G_Kalagedihena__89__Gm | C18: Huawei | F18: 7.118 | G18: 80.0572 | H18: GMKAL2R | K18: S3 | L18: 2G | M18: 1800 | N18: AQU4518R9v06 | O18: 0 | P18: 220 | R18: 2 | Y18: 1T1R | AA18: 1T1R | AB18: R9264H M901821 | AC18: A9652 S35*3+R9264H M901821*4+R9254E S8500*2+FL8590A*4 | AD18: AQU4518R9v06 | AE18: 0 | AF18: 220 | AH18: 2 | AL18: pilot'
A19: GMKAL2 | B19: GMKAL2_G_Kalagedihena__89__Gm | C19: Huawei | F19: 7.117603 | G19: 80.06068 | H19: GMKAL2C | K19: S3 | L19: 2G | M19: 900 | N19: AQU4518R9v06 | O19: 0 | P19: 240 | R19: 2 | AA19: 1T1R | AB19: R9264H M901821 | AC19: A9652 S35*3+R9264H M901821*4+R9254E S8500*2+FL8590A*4 | AD19: AQU4518R9v06 | AE19: 0 | AF19: 240 | AH19: 2 | AL19: pilot'
A20: GMKAL2 | B20: GMKAL2_G_Kalagedihena__89__Gm | C20: Huawei | F20: 7.11759 | G20: 80.0607 | H20: GMKAL2S | K20: S4 | L20: 2G | M20: 1800 | N20: AQU4518R9v06 | O20: 0 | P20: 285 | R20: 2 | Y20: 1T1R | AA20: 1T1R | AB20: R9264H M901821 | AC20: A9652 S35*3+R9264H M901821*4+R9254E S8500*2+FL8590A*4 | AD20: AQU4518R9v06 | AE20: 0 | AF20: 285 | AH20: 2 | AL20: pilot'
A21: GMKAL2 | B21: GMKAL2_G_Kalagedihena__89__Gm | C21: Huawei | F21: 7.117603 | G21: 80.06068 | H21: GMKAL2D | K21: S4 | L21: 2G | M21: 900 | N21: AQU4518R9v06 | O21: 0 | P21: 285 | R21: 2 | AA21: 1T1R | AB21: R9264H M901821 | AC21: A9652 S35*3+R9264H M901821*4+R9254E S8500*2+FL8590A*4 | AD21: AQU4518R9v06 | AE21: 0 | AF21: 285 | AH21: 2 | AL21: pilot'
A22: GMKAL2 | B22: GMKAL2_GUL00_Kalagedihena_Gm | C22: Huawei | F22: 7.117603 | G22: 80.06068 | H22: GMKAL2-M-L21-A2 | K22: S1 | L22: 4G | M22: 2100 | N22: AQU4518R9v06 | O22: 70 | P22: 40 | R22: 0 | Y22: =_xlfn.XLOOKUP(H22,'[1]4G Parameters'!$G:$G,'[1]4G Parameters'!$AA:$AA) | Z22: 6T6R | AA22: 4TR | AB22: R9264H M901821 | AC22: A9652 S35*3+R9264H M901821*4+R9254E S8500*2+FL8590A*4 | AD22: AQU4518R9v06 | AE22: 70 | AF22: 40 | AH22: 0 | AI22: =_xlfn.XLOOKUP(A22,'[2]177+10+50 Sites (detail)'!$B:$B,'[2]177+10+50 Sites (detail)'!$I:$I) | AJ22: =_xlfn.XLOOKUP(A22,[3]最小距离站点!$A:$A,[3]最小距离站点!$B:$B) | AK22: =_xlfn.XLOOKUP(A22,[3]最小距离站点!$A:$A,[3]最小距离站点!$C:$C) | AL22: pilot'
A23: GMKAL2 | B23: GMKAL2_GUL00_Kalagedihena_Gm | C23: Huawei | F23: 7.117603 | G23: 80.06068 | H23: GMKAL2G | K23: S1 | L23: 4G | M23: 1800 | N23: AQU4518R9v06 | O23: 70 | P23: 40 | R23: 0 | Y23: =_xlfn.XLOOKUP(H23,'[1]4G Parameters'!$G:$G,'[1]4G Parameters'!$AA:$AA) | Z23: 6T6R | AA23: 4TR | AB23: R9264H M901821 | AC23: A9652 S35*3+R9264H M901821*4+R9254E S8500*2+FL8590A*4 | AD23: AQU4518R9v06 | AE23: 70 | AF23: 40 | AH23: 0 | AI23: =_xlfn.XLOOKUP(A23,'[2]177+10+50 Sites (detail)'!$B:$B,'[2]177+10+50 Sites (detail)'!$I:$I) | AJ23: =_xlfn.XLOOKUP(A23,[3]最小距离站点!$A:$A,[3]最小距离站点!$B:$B) | AK23: =_xlfn.XLOOKUP(A23,[3]最小距离站点!$A:$A,[3]最小距离站点!$C:$C) | AL23: pilot'
A24: GMKAL2 | B24: GMKAL2_GUL00_Kalagedihena_Gm | C24: Huawei | F24: 7.117603 | G24: 80.06068 | H24: GMKAL2-M-L85-A1 | K24: S1 | L24: 4G | M24: 850 | N24: AQU4518R9v06 | O24: 70 | P24: 40 | R24: 0 | Y24: =_xlfn.XLOOKUP(H24,'[1]4G Parameters'!$G:$G,'[1]4G Parameters'!$AA:$AA) | Z24: 2T2R | AA24: 2T2R | AB24: R9254E S8500 | AC24: A9652 S35*3+R9264H M901821*4+R9254E S8500*2+FL8590A*4 | AD24: AQU4518R9v06 | AE24: 70 | AF24: 40 | AH24: 0 | AI24: =_xlfn.XLOOKUP(A24,'[2]177+10+50 Sites (detail)'!$B:$B,'[2]177+10+50 Sites (detail)'!$I:$I) | AJ24: =_xlfn.XLOOKUP(A24,[3]最小距离站点!$A:$A,[3]最小距离站点!$B:$B) | AK24: =_xlfn.XLOOKUP(A24,[3]最小距离站点!$A:$A,[3]最小距离站点!$C:$C) | AL24: pilot'
A25: GMKAL2 | B25: GMKAL2_GUL00_Kalagedihena_Gm | C25: Huawei | F25: 7.117603 | G25: 80.06068 | H25: GMKAL2-M-L21-B2 | K25: S2 | L25: 4G | M25: 2100 | N25: AQU4518R9v06 | O25: 70 | P25: 165 | R25: 0 | Y25: =_xlfn.XLOOKUP(H25,'[1]4G Parameters'!$G:$G,'[1]4G Parameters'!$AA:$AA) | Z25: 6T6R | AA25: 4TR | AB25: R9264H M901821 | AC25: A9652 S35*3+R9264H M901821*4+R9254E S8500*2+FL8590A*4 | AD25: AQU4518R9v06 | AE25: 70 | AF25: 165 | AH25: 0 | AI25: =_xlfn.XLOOKUP(A25,'[2]177+10+50 Sites (detail)'!$B:$B,'[2]177+10+50 Sites (detail)'!$I:$I) | AJ25: =_xlfn.XLOOKUP(A25,[3]最小距离站点!$A:$A,[3]最小距离站点!$B:$B) | AK25: =_xlfn.XLOOKUP(A25,[3]最小距离站点!$A:$A,[3]最小距离站点!$C:$C) | AL25: pilot'
A26: GMKAL2 | B26: GMKAL2_GUL00_Kalagedihena_Gm | C26: Huawei | F26: 7.117603 | G26: 80.06068 | H26: GMKAL2H | K26: S2 | L26: 4G | M26: 1800 | N26: AQU4518R9v06 | O26: 70 | P26: 165 | R26: 0 | Y26: =_xlfn.XLOOKUP(H26,'[1]4G Parameters'!$G:$G,'[1]4G Parameters'!$AA:$AA) | Z26: 6T6R | AA26: 4TR | AB26: R9264H M901821 | AC26: A9652 S35*3+R9264H M901821*4+R9254E S8500*2+FL8590A*4 | AD26: AQU4518R9v06 | AE26: 70 | AF26: 165 | AH26: 0 | AI26: =_xlfn.XLOOKUP(A26,'[2]177+10+50 Sites (detail)'!$B:$B,'[2]177+10+50 Sites (detail)'!$I:$I) | AJ26: =_xlfn.XLOOKUP(A26,[3]最小距离站点!$A:$A,[3]最小距离站点!$B:$B) | AK26: =_xlfn.XLOOKUP(A26,[3]最小距离站点!$A:$A,[3]最小距离站点!$C:$C) | AL26: pilot'
A27: GMKAL2 | B27: GMKAL2_GUL00_Kalagedihena_Gm | C27: Huawei | F27: 7.117603 | G27: 80.06068 | H27: GMKAL2-M-L85-B1 | K27: S2 | L27: 4G | M27: 850 | N27: AQU4518R9v06 | O27: 70 | P27: 165 | R27: 0 | Y27: =_xlfn.XLOOKUP(H27,'[1]4G Parameters'!$G:$G,'[1]4G Parameters'!$AA:$AA) | Z27: 2T2R | AA27: 2T2R | AB27: R9254E S8500 | AC27: A9652 S35*3+R9264H M901821*4+R9254E S8500*2+FL8590A*4 | AD27: AQU4518R9v06 | AE27: 70 | AF27: 165 | AH27: 0 | AI27: =_xlfn.XLOOKUP(A27,'[2]177+10+50 Sites (detail)'!$B:$B,'[2]177+10+50 Sites (detail)'!$I:$I) | AJ27: =_xlfn.XLOOKUP(A27,[3]最小距离站点!$A:$A,[3]最小距离站点!$B:$B) | AK27: =_xlfn.XLOOKUP(A27,[3]最小距离站点!$A:$A,[3]最小距离站点!$C:$C) | AL27: pilot'
A28: GMKAL2 | B28: GMKAL2_GUL00_Kalagedihena_Gm | C28: Huawei | F28: 7.117603 | G28: 80.06068 | H28: GMKAL2-M-L21-C2 | K28: S3 | L28: 4G | M28: 2100 | N28: AQU4518R9v06 | O28: 70 | P28: 220 | R28: 0 | Y28: =_xlfn.XLOOKUP(H28,'[1]4G Parameters'!$G:$G,'[1]4G Parameters'!$AA:$AA) | Z28: 6T6R | AA28: 4TR | AB28: R9264H M901821 | AC28: A9652 S35*3+R9264H M901821*4+R9254E S8500*2+FL8590A*4 | AD28: AQU4518R9v06 | AE28: 70 | AF28: 220 | AH28: 0 | AI28: =_xlfn.XLOOKUP(A28,'[2]177+10+50 Sites (detail)'!$B:$B,'[2]177+10+50 Sites (detail)'!$I:$I) | AJ28: =_xlfn.XLOOKUP(A28,[3]最小距离站点!$A:$A,[3]最小距离站点!$B:$B) | AK28: =_xlfn.XLOOKUP(A28,[3]最小距离站点!$A:$A,[3]最小距离站点!$C:$C) | AL28: pilot'
A29: GMKAL2 | B29: GMKAL2_GUL00_Kalagedihena_Gm | C29: Huawei | F29: 7.117603 | G29: 80.06068 | H29: GMKAL2I | K29: S3 | L29: 4G | M29: 1800 | N29: AQU4518R9v06 | O29: 70 | P29: 220 | R29: 0 | Y29: =_xlfn.XLOOKUP(H29,'[1]4G Parameters'!$G:$G,'[1]4G Parameters'!$AA:$AA) | Z29: 6T6R | AA29: 4TR | AB29: R9264H M901821 | AC29: A9652 S35*3+R9264H M901821*4+R9254E S8500*2+FL8590A*4 | AD29: AQU4518R9v06 | AE29: 70 | AF29: 220 | AH29: 0 | AI29: =_xlfn.XLOOKUP(A29,'[2]177+10+50 Sites (detail)'!$B:$B,'[2]177+10+50 Sites (detail)'!$I:$I) | AJ29: =_xlfn.XLOOKUP(A29,[3]最小距离站点!$A:$A,[3]最小距离站点!$B:$B) | AK29: =_xlfn.XLOOKUP(A29,[3]最小距离站点!$A:$A,[3]最小距离站点!$C:$C) | AL29: pilot'
A30: GMKAL2 | B30: GMKAL2_GUL00_Kalagedihena_Gm | C30: Huawei | F30: 7.117603 | G30: 80.06068 | H30: GMKAL2-M-L85-C1 | K30: S3 | L30: 4G | M30: 850 | N30: AQU4518R9v06 | O30: 70 | P30: 220 | R30: 0 | Y30: =_xlfn.XLOOKUP(H30,'[1]4G Parameters'!$G:$G,'[1]4G Parameters'!$AA:$AA) | Z30: 2T2R | AA30: 2T2R | AB30: R9254E S8500 | AC30: A9652 S35*3+R9264H M901821*4+R9254E S8500*2+FL8590A*4 | AD30: AQU4518R9v06 | AE30: 70 | AF30: 220 | AH30: 0 | AI30: =_xlfn.XLOOKUP(A30,'[2]177+10+50 Sites (detail)'!$B:$B,'[2]177+10+50 Sites (detail)'!$I:$I) | AJ30: =_xlfn.XLOOKUP(A30,[3]最小距离站点!$A:$A,[3]最小距离站点!$B:$B) | AK30: =_xlfn.XLOOKUP(A30,[3]最小距离站点!$A:$A,[3]最小距离站点!$C:$C) | AL30: pilot'
A31: GMKAL2 | B31: GMKAL2_GUL00_Kalagedihena_Gm | C31: Huawei | F31: 7.117603 | G31: 80.06068 | H31: GMKAL2-M-L21-D2 | K31: S4 | L31: 4G | M31: 2100 | N31: AQU4518R9v06 | O31: 70 | P31: 285 | R31: 0 | Y31: =_xlfn.XLOOKUP(H31,'[1]4G Parameters'!$G:$G,'[1]4G Parameters'!$AA:$AA) | Z31: 6T6R | AA31: 4TR | AB31: R9264H M901821 | AC31: A9652 S35*3+R9264H M901821*4+R9254E S8500*2+FL8590A*4 | AD31: AQU4518R9v06 | AE31: 70 | AF31: 285 | AH31: 0 | AI31: =_xlfn.XLOOKUP(A31,'[2]177+10+50 Sites (detail)'!$B:$B,'[2]177+10+50 Sites (detail)'!$I:$I) | AJ31: =_xlfn.XLOOKUP(A31,[3]最小距离站点!$A:$A,[3]最小距离站点!$B:$B) | AK31: =_xlfn.XLOOKUP(A31,[3]最小距离站点!$A:$A,[3]最小距离站点!$C:$C) | AL31: pilot'
A32: GMKAL2 | B32: GMKAL2_GUL00_Kalagedihena_Gm | C32: Huawei | F32: 7.117603 | G32: 80.06068 | H32: GMKAL2F | K32: S4 | L32: 4G | M32: 1800 | N32: AQU4518R9v06 | O32: 70 | P32: 285 | R32: 0 | Y32: =_xlfn.XLOOKUP(H32,'[1]4G Parameters'!$G:$G,'[1]4G Parameters'!$AA:$AA) | Z32: 6T6R | AA32: 4TR | AB32: R9264H M901821 | AC32: A9652 S35*3+R9264H M901821*4+R9254E S8500*2+FL8590A*4 | AD32: AQU4518R9v06 | AE32: 70 | AF32: 285 | AH32: 0 | AI32: =_xlfn.XLOOKUP(A32,'[2]177+10+50 Sites (detail)'!$B:$B,'[2]177+10+50 Sites (detail)'!$I:$I) | AJ32: =_xlfn.XLOOKUP(A32,[3]最小距离站点!$A:$A,[3]最小距离站点!$B:$B) | AK32: =_xlfn.XLOOKUP(A32,[3]最小距离站点!$A:$A,[3]最小距离站点!$C:$C) | AL32: pilot'
A33: GMKAL2 | B33: GMKAL2_GUL00_Kalagedihena_Gm | C33: Huawei | F33: 7.117603 | G33: 80.06068 | H33: GMKAL2-M-L85-D1 | K33: S4 | L33: 4G | M33: 850 | N33: AQU4518R9v06 | O33: 70 | P33: 285 | R33: 0 | Y33: =_xlfn.XLOOKUP(H33,'[1]4G Parameters'!$G:$G,'[1]4G Parameters'!$AA:$AA) | Z33: 2T2R | AA33: 2T2R | AB33: R9254E S8500 | AC33: A9652 S35*3+R9264H M901821*4+R9254E S8500*2+FL8590A*4 | AD33: AQU4518R9v06 | AE33: 70 | AF33: 285 | AH33: 0 | AI33: =_xlfn.XLOOKUP(A33,'[2]177+10+50 Sites (detail)'!$B:$B,'[2]177+10+50 Sites (detail)'!$I:$I) | AJ33: =_xlfn.XLOOKUP(A33,[3]最小距离站点!$A:$A,[3]最小距离站点!$B:$B) | AK33: =_xlfn.XLOOKUP(A33,[3]最小距离站点!$A:$A,[3]最小距离站点!$C:$C) | AL33: pilot'
A34: GMMAG1 | B34: GMMAG1_G_Magalegoda__89__Gm | C34: Huawei | F34: 7.13739 | G34: 80.04 | H34: GMMAG1P | K34: S1 | L34: 2G | M34: 1800 | N34: AQU4518R9v06 | O34: 60 | P34: 45 | R34: 2 | AA34: 1T1R | AB34: R9264H M901821 | AC34: A9652 S35*3+R9264H M901821*3+R9254E S8500*2+R9264 M1821N*2+FL8590A*3 | AD34: AQU4518R9v06 | AE34: 60 | AF34: 45 | AH34: 2 | AL34: pilot'
A35: GMMAG1 | B35: GMMAG1_G_Magalegoda__89__Gm | C35: Huawei | F35: 7.13739 | G35: 80.04 | H35: GMMAG1A | K35: S1 | L35: 2G | M35: 900 | N35: AQU4518R9v06 | O35: 60 | P35: 45 | R35: 2 | AA35: 1T1R | AB35: R9264H M901821 | AC35: A9652 S35*3+R9264H M901821*3+R9254E S8500*2+R9264 M1821N*2+FL8590A*3 | AD35: AQU4518R9v06 | AE35: 60 | AF35: 45 | AH35: 2 | AL35: pilot'
A36: GMMAG1 | B36: GMMAG1_G_Magalegoda__89__Gm | C36: Huawei | F36: 7.13739 | G36: 80.04 | H36: GMMAG1Q | K36: S2 | L36: 2G | M36: 1800 | N36: AQU4518R9v06 | O36: 60 | P36: 150 | R36: 2 | AA36: 1T1R | AB36: R9264H M901821 | AC36: A9652 S35*3+R9264H M901821*3+R9254E S8500*2+R9264 M1821N*2+FL8590A*3 | AD36: AQU4518R9v06 | AE36: 60 | AF36: 150 | AH36: 2 | AL36: pilot'
A37: GMMAG1 | B37: GMMAG1_G_Magalegoda__89__Gm | C37: Huawei | F37: 7.13739 | G37: 80.04 | H37: GMMAG1B | K37: S2 | L37: 2G | M37: 900 | N37: AQU4518R9v06 | O37: 60 | P37: 150 | R37: 2 | AA37: 1T1R | AB37: R9264H M901821 | AC37: A9652 S35*3+R9264H M901821*3+R9254E S8500*2+R9264 M1821N*2+FL8590A*3 | AD37: AQU4518R9v06 | AE37: 60 | AF37: 150 | AH37: 2 | AL37: pilot'
A38: GMMAG1 | B38: GMMAG1_G_Magalegoda__89__Gm | C38: Huawei | F38: 7.13739 | G38: 80.04 | H38: GMMAG1R | K38: S3 | L38: 2G | M38: 1800 | N38: AQU4518R9v06 | O38: 60 | P38: 335 | R38: 2 | AA38: 1T1R | AB38: R9264H M901821 | AC38: A9652 S35*3+R9264H M901821*3+R9254E S8500*2+R9264 M1821N*2+FL8590A*3 | AD38: AQU4518R9v06 | AE38: 60 | AF38: 335 | AH38: 2 | AL38: pilot'
A39: GMMAG1 | B39: GMMAG1_G_Magalegoda__89__Gm | C39: Huawei | F39: 7.13739 | G39: 80.04 | H39: GMMAG1C | K39: S3 | L39: 2G | M39: 900 | N39: AQU4518R9v06 | O39: 60 | P39: 335 | R39: 2 | AA39: 1T1R | AB39: R9264H M901821 | AC39: A9652 S35*3+R9264H M901821*3+R9254E S8500*2+R9264 M1821N*2+FL8590A*3 | AD39: AQU4518R9v06 | AE39: 60 | AF39: 335 | AH39: 2 | AL39: pilot'
A40: GMMAG1 | B40: GMMAG1_GUL00_Magalegoda_Gm | C40: Huawei | F40: 7.13739 | G40: 80.04 | H40: GMMAG1-M-L21-A2 | K40: S1 | L40: 4G | M40: 2100 | N40: AQU4518R9v06 | O40: 60 | P40: 45 | R40: 0 | Y40: =_xlfn.XLOOKUP(H40,'[1]4G Parameters'!$G:$G,'[1]4G Parameters'!$AA:$AA) | Z40: 6T6R | AA40: 4T4R | AB40: R9264H M901821 | AC40: A9652 S35*3+R9264H M901821*3+R9254E S8500*2+R9264 M1821N*2+FL8590A*3 | AD40: AQU4518R9v06 | AE40: 60 | AF40: 45 | AH40: 0 | AI40: =_xlfn.XLOOKUP(A40,'[2]177+10+50 Sites (detail)'!$B:$B,'[2]177+10+50 Sites (detail)'!$I:$I) | AJ40: =_xlfn.XLOOKUP(A40,[3]最小距离站点!$A:$A,[3]最小距离站点!$B:$B) | AK40: =_xlfn.XLOOKUP(A40,[3]最小距离站点!$A:$A,[3]最小距离站点!$C:$C) | AL40: pilot'
A41: GMMAG1 | B41: GMMAG1_GUL00_Magalegoda_Gm | C41: Huawei | F41: 7.13739 | G41: 80.04 | H41: GMMAG1G | K41: S1 | L41: 4G | M41: 1800 | N41: AQU4518R9v06 | O41: 60 | P41: 45 | R41: 0 | Y41: =_xlfn.XLOOKUP(H41,'[1]4G Parameters'!$G:$G,'[1]4G Parameters'!$AA:$AA) | Z41: 6T6R | AA41: 4T4R | AB41: R9264H M901821 | AC41: A9652 S35*3+R9264H M901821*3+R9254E S8500*2+R9264 M1821N*2+FL8590A*3 | AD41: AQU4518R9v06 | AE41: 60 | AF41: 45 | AH41: 0 | AI41: =_xlfn.XLOOKUP(A41,'[2]177+10+50 Sites (detail)'!$B:$B,'[2]177+10+50 Sites (detail)'!$I:$I) | AJ41: =_xlfn.XLOOKUP(A41,[3]最小距离站点!$A:$A,[3]最小距离站点!$B:$B) | AK41: =_xlfn.XLOOKUP(A41,[3]最小距离站点!$A:$A,[3]最小距离站点!$C:$C) | AL41: pilot'
A42: GMMAG1 | B42: GMMAG1_GUL00_Magalegoda_Gm | C42: Huawei | F42: 7.13739 | G42: 80.04 | H42: GMMAG1-M-L85-A1 | K42: S1 | L42: 4G | M42: 850 | N42: AQU4518R9v06 | O42: 60 | P42: 45 | R42: 0 | Y42: =_xlfn.XLOOKUP(H42,'[1]4G Parameters'!$G:$G,'[1]4G Parameters'!$AA:$AA) | Z42: 2T2R | AA42: 2T2R | AB42: R9254E S8500 | AC42: A9652 S35*3+R9264H M901821*3+R9254E S8500*2+R9264 M1821N*2+FL8590A*3 | AD42: AQU4518R9v06 | AE42: 60 | AF42: 45 | AH42: 0 | AI42: =_xlfn.XLOOKUP(A42,'[2]177+10+50 Sites (detail)'!$B:$B,'[2]177+10+50 Sites (detail)'!$I:$I) | AJ42: =_xlfn.XLOOKUP(A42,[3]最小距离站点!$A:$A,[3]最小距离站点!$B:$B) | AK42: =_xlfn.XLOOKUP(A42,[3]最小距离站点!$A:$A,[3]最小距离站点!$C:$C) | AL42: pilot'
A43: GMMAG1 | B43: GMMAG1_GUL00_Magalegoda_Gm | C43: Huawei | F43: 7.13739 | G43: 80.04 | H43: GMMAG1-M-L21-B2 | K43: S2 | L43: 4G | M43: 2100 | N43: AQU4518R9v06 | O43: 60 | P43: 150 | R43: 0 | Y43: =_xlfn.XLOOKUP(H43,'[1]4G Parameters'!$G:$G,'[1]4G Parameters'!$AA:$AA) | Z43: 6T6R | AA43: 4T4R | AB43: R9264H M901821 | AC43: A9652 S35*3+R9264H M901821*3+R9254E S8500*2+R9264 M1821N*2+FL8590A*3 | AD43: AQU4518R9v06 | AE43: 60 | AF43: 150 | AH43: 0 | AI43: =_xlfn.XLOOKUP(A43,'[2]177+10+50 Sites (detail)'!$B:$B,'[2]177+10+50 Sites (detail)'!$I:$I) | AJ43: =_xlfn.XLOOKUP(A43,[3]最小距离站点!$A:$A,[3]最小距离站点!$B:$B) | AK43: =_xlfn.XLOOKUP(A43,[3]最小距离站点!$A:$A,[3]最小距离站点!$C:$C) | AL43: pilot'
A44: GMMAG1 | B44: GMMAG1_GUL00_Magalegoda_Gm | C44: Huawei | F44: 7.13739 | G44: 80.04 | H44: GMMAG1H | K44: S2 | L44: 4G | M44: 1800 | N44: AQU4518R9v06 | O44: 60 | P44: 150 | R44: 0 | Y44: =_xlfn.XLOOKUP(H44,'[1]4G Parameters'!$G:$G,'[1]4G Parameters'!$AA:$AA) | Z44: 6T6R | AA44: 4T4R | AB44: R9264H M901821 | AC44: A9652 S35*3+R9264H M901821*3+R9254E S8500*2+R9264 M1821N*2+FL8590A*3 | AD44: AQU4518R9v06 | AE44: 60 | AF44: 150 | AH44: 0 | AI44: =_xlfn.XLOOKUP(A44,'[2]177+10+50 Sites (detail)'!$B:$B,'[2]177+10+50 Sites (detail)'!$I:$I) | AJ44: =_xlfn.XLOOKUP(A44,[3]最小距离站点!$A:$A,[3]最小距离站点!$B:$B) | AK44: =_xlfn.XLOOKUP(A44,[3]最小距离站点!$A:$A,[3]最小距离站点!$C:$C) | AL44: pilot'
A45: GMMAG1 | B45: GMMAG1_GUL00_Magalegoda_Gm | C45: Huawei | F45: 7.13739 | G45: 80.04 | H45: GMMAG1-M-L85-B1 | K45: S2 | L45: 4G | M45: 850 | N45: AQU4518R9v06 | O45: 60 | P45: 150 | R45: 0 | Y45: =_xlfn.XLOOKUP(H45,'[1]4G Parameters'!$G:$G,'[1]4G Parameters'!$AA:$AA) | Z45: 2T2R | AA45: 2T2R | AB45: R9254E S8500 | AC45: A9652 S35*3+R9264H M901821*3+R9254E S8500*2+R9264 M1821N*2+FL8590A*3 | AD45: AQU4518R9v06 | AE45: 60 | AF45: 150 | AH45: 0 | AI45: =_xlfn.XLOOKUP(A45,'[2]177+10+50 Sites (detail)'!$B:$B,'[2]177+10+50 Sites (detail)'!$I:$I) | AJ45: =_xlfn.XLOOKUP(A45,[3]最小距离站点!$A:$A,[3]最小距离站点!$B:$B) | AK45: =_xlfn.XLOOKUP(A45,[3]最小距离站点!$A:$A,[3]最小距离站点!$C:$C) | AL45: pilot'
A46: GMMAG1 | B46: GMMAG1_GUL00_Magalegoda_Gm | C46: Huawei | F46: 7.13739 | G46: 80.04 | H46: GMMAG1-M-L21-C2 | K46: S3 | L46: 4G | M46: 2100 | N46: AQU4518R9v06 | O46: 60 | P46: 335 | R46: 0 | Y46: =_xlfn.XLOOKUP(H46,'[1]4G Parameters'!$G:$G,'[1]4G Parameters'!$AA:$AA) | Z46: 6T6R | AA46: 4T4R | AB46: R9264H M901821 | AC46: A9652 S35*3+R9264H M901821*3+R9254E S8500*2+R9264 M1821N*2+FL8590A*3 | AD46: AQU4518R9v06 | AE46: 60 | AF46: 335 | AH46: 0 | AI46: =_xlfn.XLOOKUP(A46,'[2]177+10+50 Sites (detail)'!$B:$B,'[2]177+10+50 Sites (detail)'!$I:$I) | AJ46: =_xlfn.XLOOKUP(A46,[3]最小距离站点!$A:$A,[3]最小距离站点!$B:$B) | AK46: =_xlfn.XLOOKUP(A46,[3]最小距离站点!$A:$A,[3]最小距离站点!$C:$C) | AL46: pilot'
A47: GMMAG1 | B47: GMMAG1_GUL00_Magalegoda_Gm | C47: Huawei | F47: 7.13739 | G47: 80.04 | H47: GMMAG1I | K47: S3 | L47: 4G | M47: 1800 | N47: AQU4518R9v06 | O47: 60 | P47: 335 | R47: 0 | Y47: =_xlfn.XLOOKUP(H47,'[1]4G Parameters'!$G:$G,'[1]4G Parameters'!$AA:$AA) | Z47: 6T6R | AA47: 4T4R | AB47: R9264H M901821 | AC47: A9652 S35*3+R9264H M901821*3+R9254E S8500*2+R9264 M1821N*2+FL8590A*3 | AD47: AQU4518R9v06 | AE47: 60 | AF47: 335 | AH47: 0 | AI47: =_xlfn.XLOOKUP(A47,'[2]177+10+50 Sites (detail)'!$B:$B,'[2]177+10+50 Sites (detail)'!$I:$I) | AJ47: =_xlfn.XLOOKUP(A47,[3]最小距离站点!$A:$A,[3]最小距离站点!$B:$B) | AK47: =_xlfn.XLOOKUP(A47,[3]最小距离站点!$A:$A,[3]最小距离站点!$C:$C) | AL47: pilot'
A48: GMMAG1 | B48: GMMAG1_GUL00_Magalegoda_Gm | C48: Huawei | F48: 7.13739 | G48: 80.04 | H48: GMMAG1-M-L85-C1 | K48: S3 | L48: 4G | M48: 850 | N48: AQU4518R9v06 | O48: 60 | P48: 335 | R48: 0 | Y48: =_xlfn.XLOOKUP(H48,'[1]4G Parameters'!$G:$G,'[1]4G Parameters'!$AA:$AA) | Z48: 2T2R | AA48: 2T2R | AB48: R9254E S8500 | AC48: A9652 S35*3+R9264H M901821*3+R9254E S8500*2+R9264 M1821N*2+FL8590A*3 | AD48: AQU4518R9v06 | AE48: 60 | AF48: 335 | AH48: 0 | AI48: =_xlfn.XLOOKUP(A48,'[2]177+10+50 Sites (detail)'!$B:$B,'[2]177+10+50 Sites (detail)'!$I:$I) | AJ48: =_xlfn.XLOOKUP(A48,[3]最小距离站点!$A:$A,[3]最小距离站点!$B:$B) | AK48: =_xlfn.XLOOKUP(A48,[3]最小距离站点!$A:$A,[3]最小距离站点!$C:$C) | AL48: pilot'
A49: GMMAG1 | B49: GMMAG1_GUL00_Magalegoda_Gm | C49: Huawei | F49: 7.13739 | G49: 80.04 | H49: GMMAG1-M-L21-D2 | K49: S4 | L49: 4G | M49: 2100 | N49: AQU4518R9v06 | O49: 60 | P49: 270 | R49: 0 | Y49: =_xlfn.XLOOKUP(H49,'[1]4G Parameters'!$G:$G,'[1]4G Parameters'!$AA:$AA) | Z49: 6T6R | AA49: 4T4R | AB49: R9264 M1821N | AC49: A9652 S35*3+R9264H M901821*3+R9254E S8500*2+R9264 M1821N*2+FL8590A*3 | AD49: AMB4519R6v06 | AE49: 60 | AF49: 270 | AH49: 0 | AI49: =_xlfn.XLOOKUP(A49,'[2]177+10+50 Sites (detail)'!$B:$B,'[2]177+10+50 Sites (detail)'!$I:$I) | AJ49: =_xlfn.XLOOKUP(A49,[3]最小距离站点!$A:$A,[3]最小距离站点!$B:$B) | AK49: =_xlfn.XLOOKUP(A49,[3]最小距离站点!$A:$A,[3]最小距离站点!$C:$C) | AL49: pilot'
A50: GMMAG1 | B50: GMMAG1_GUL00_Magalegoda_Gm | C50: Huawei | D50: NEW | F50: 7.13739 | G50: 80.04 | I50: GMMAG1-M-L21-F2 | K50: S4 | L50: 4G | M50: 2100 | O50: 60 | P50: 270 | R50: 0 | AA50: 4T4R | AB50: R9264 M1821N | AC50: A9652 S35*3+R9264H M901821*3+R9254E S8500*2+R9264 M1821N*2+FL8590A*3 | AD50: AMB4519R6v06 | AE50: 60 | AF50: 270 | AH50: 0 | AI50: =_xlfn.XLOOKUP(A50,'[2]177+10+50 Sites (detail)'!$B:$B,'[2]177+10+50 Sites (detail)'!$I:$I) | AJ50: =_xlfn.XLOOKUP(A50,[3]最小距离站点!$A:$A,[3]最小距离站点!$B:$B) | AK50: =_xlfn.XLOOKUP(A50,[3]最小距离站点!$A:$A,[3]最小距离站点!$C:$C) | AL50: pilot'
A51: GMMAG1 | B51: GMMAG1_GUL00_Magalegoda_Gm | C51: Huawei | F51: 7.13739 | G51: 80.04 | H51: GMMAG1F | K51: S4 | L51: 4G | M51: 1800 | N51: AMB4519R6v06 | O51: 60 | P51: 270 | R51: 0 | Y51: =_xlfn.XLOOKUP(H51,'[1]4G Parameters'!$G:$G,'[1]4G Parameters'!$AA:$AA) | Z51: 4T4R | AA51: 4T4R | AB51: R9264 M1821N | AC51: A9652 S35*3+R9264H M901821*3+R9254E S8500*2+R9264 M1821N*2+FL8590A*3 | AD51: AMB4519R6v06 | AE51: 60 | AF51: 270 | AH51: 0 | AI51: =_xlfn.XLOOKUP(A51,'[2]177+10+50 Sites (detail)'!$B:$B,'[2]177+10+50 Sites (detail)'!$I:$I) | AJ51: =_xlfn.XLOOKUP(A51,[3]最小距离站点!$A:$A,[3]最小距离站点!$B:$B) | AK51: =_xlfn.XLOOKUP(A51,[3]最小距离站点!$A:$A,[3]最小距离站点!$C:$C) | AL51: pilot'
A52: GMMAG1 | B52: GMMAG1_GUL00_Magalegoda_Gm | C52: Huawei | F52: 7.13739 | G52: 80.04 | H52: GMMAG1-M-L18-F1 | K52: S4 | L52: 4G | M52: 1800 | N52: AMB4519R6v06 | O52: 60 | P52: 270 | R52: 0 | Y52: =_xlfn.XLOOKUP(H52,'[1]4G Parameters'!$G:$G,'[1]4G Parameters'!$AA:$AA) | Z52: 4T4R | AA52: 4T4R | AB52: R9264 M1821N | AC52: A9652 S35*3+R9264H M901821*3+R9254E S8500*2+R9264 M1821N*2+FL8590A*3 | AD52: AMB4519R6v06 | AE52: 60 | AF52: 270 | AH52: 0 | AI52: =_xlfn.XLOOKUP(A52,'[2]177+10+50 Sites (detail)'!$B:$B,'[2]177+10+50 Sites (detail)'!$I:$I) | AJ52: =_xlfn.XLOOKUP(A52,[3]最小距离站点!$A:$A,[3]最小距离站点!$B:$B) | AK52: =_xlfn.XLOOKUP(A52,[3]最小距离站点!$A:$A,[3]最小距离站点!$C:$C) | AL52: pilot'
A53: GMNIT1 | B53: GMNIT1_G_Nittambuwa__89_Di | C53: Huawei | F53: 7.145555 | G53: 80.093055 | H53: GMNIT1P | K53: S1 | L53: 2G | M53: 1800 | N53: AQU4518R9v06 | O53: 60 | P53: 50 | R53: 2 | AA53: 1T1R | AB53: R9264H M901821 | AC53: A9652 S35*3+R9254E S1800*1+R9264H M901821*3+R9254E S8500*2+R9244 S9000*1+FL8590A*4 | AD53: AQU4518R9v06 | AE53: 60 | AF53: 50 | AH53: 2 | AL53: pilot'
A54: GMNIT1 | B54: GMNIT1_G_Nittambuwa__89_Di | C54: Huawei | F54: 7.145555 | G54: 80.093055 | H54: GMNIT1A | K54: S1 | L54: 2G | M54: 900 | O54: 60 | P54: 50 | R54: 2 | AA54: 1T1R | AB54: R9264H M901821 | AC54: A9652 S35*3+R9254E S1800*1+R9264H M901821*3+R9254E S8500*2+R9244 S9000*1+FL8590A*4 | AD54: AQU4518R9v06 | AE54: 60 | AF54: 50 | AH54: 2 | AL54: pilot'
A55: GMNIT1 | B55: GMNIT1_G_Nittambuwa__89_Di | C55: Huawei | F55: 7.145555 | G55: 80.093055 | H55: GMNIT1Q | K55: S2 | L55: 2G | M55: 1800 | N55: AQU4518R9v06 | O55: 60 | P55: 130 | R55: 2 | AA55: 4T4R | AB55: R9264H M901821 | AC55: A9652 S35*3+R9254E S1800*1+R9264H M901821*3+R9254E S8500*2+R9244 S9000*1+FL8590A*4 | AD55: AQU4518R9v06 | AE55: 60 | AF55: 130 | AH55: 2 | AL55: pilot'
A56: GMNIT1 | B56: GMNIT1_G_Nittambuwa__89_Di | C56: Huawei | F56: 7.145555 | G56: 80.093055 | H56: GMNIT1B | K56: S2 | L56: 2G | M56: 900 | O56: 60 | P56: 130 | R56: 2 | AA56: 1T1R | AB56: R9264H M901821 | AC56: A9652 S35*3+R9254E S1800*1+R9264H M901821*3+R9254E S8500*2+R9244 S9000*1+FL8590A*4 | AD56: AQU4518R9v06 | AE56: 60 | AF56: 130 | AH56: 2 | AL56: pilot'
A57: GMNIT1 | B57: GMNIT1_G_Nittambuwa__89_Di | C57: Huawei | F57: 7.145555 | G57: 80.093055 | H57: GMNIT1C | K57: S3 | L57: 2G | M57: 900 | O57: 60 | P57: 280 | R57: 2 | AA57: 1T1R | AB57: R9264H M901821 | AC57: A9652 S35*3+R9254E S1800*1+R9264H M901821*3+R9254E S8500*2+R9244 S9000*1+FL8590A*4 | AD57: AQU4518R9v06 | AE57: 60 | AF57: 280 | AH57: 2 | AL57: pilot'
A58: GMNIT1 | B58: GMNIT1_G_Nittambuwa__89_Di | C58: Huawei | F58: 7.145555 | G58: 80.093055 | H58: GMNIT1D | K58: S4 | L58: 2G | M58: 900 | O58: 60 | P58: 190 | R58: 2 | AA58: 1T1R | AB58: R9244 S9000 | AC58: A9652 S35*3+R9254E S1800*1+R9264H M901821*3+R9254E S8500*2+R9244 S9000*1+FL8590A*4 | AD58: AQU4518R9v06 | AE58: 60 | AF58: 190 | AH58: 2 | AL58: pilot'
A59: GMNIT1 | B59: GMNIT1_0UL00_Nittambuwa_Di | C59: Huawei | F59: 7.145555 | G59: 80.093055 | H59: GMNIT1-M-L21-A2 | K59: S1 | L59: 4G | M59: 2100 | N59: AQU4518R9v06 | O59: 60 | P59: 50 | R59: 0 | Y59: =_xlfn.XLOOKUP(H59,'[1]4G Parameters'!$G:$G,'[1]4G Parameters'!$AA:$AA) | Z59: 6T6R | AA59: 4T4R | AB59: R9264H M901821 | AC59: A9652 S35*3+R9254E S1800*1+R9264H M901821*3+R9254E S8500*2+R9244 S9000*1+FL8590A*4 | AD59: AQU4518R9v06 | AE59: 60 | AF59: 50 | AH59: 0 | AI59: =_xlfn.XLOOKUP(A59,'[2]177+10+50 Sites (detail)'!$B:$B,'[2]177+10+50 Sites (detail)'!$I:$I) | AJ59: =_xlfn.XLOOKUP(A59,[3]最小距离站点!$A:$A,[3]最小距离站点!$B:$B) | AK59: =_xlfn.XLOOKUP(A59,[3]最小距离站点!$A:$A,[3]最小距离站点!$C:$C) | AL59: pilot'
A60: GMNIT1 | B60: GMNIT1_0UL00_Nittambuwa_Di | C60: Huawei | F60: 7.145555 | G60: 80.093055 | H60: GMNIT1G | K60: S1 | L60: 4G | M60: 1800 | N60: AQU4518R9v06 | O60: 60 | P60: 50 | R60: 0 | Y60: =_xlfn.XLOOKUP(H60,'[1]4G Parameters'!$G:$G,'[1]4G Parameters'!$AA:$AA) | Z60: 6T6R | AA60: 4T4R | AB60: R9264H M901821 | AC60: A9652 S35*3+R9254E S1800*1+R9264H M901821*3+R9254E S8500*2+R9244 S9000*1+FL8590A*4 | AD60: AQU4518R9v06 | AE60: 60 | AF60: 50 | AH60: 0 | AI60: =_xlfn.XLOOKUP(A60,'[2]177+10+50 Sites (detail)'!$B:$B,'[2]177+10+50 Sites (detail)'!$I:$I) | AJ60: =_xlfn.XLOOKUP(A60,[3]最小距离站点!$A:$A,[3]最小距离站点!$B:$B) | AK60: =_xlfn.XLOOKUP(A60,[3]最小距离站点!$A:$A,[3]最小距离站点!$C:$C) | AL60: pilot'
A61: GMNIT1 | B61: GMNIT1_0UL00_Nittambuwa_Di | C61: Huawei | F61: 7.145555 | G61: 80.093055 | H61: GMNIT1-M-L85-A1 | K61: S1 | L61: 4G | M61: 850 | N61: AQU4518R9v06 | O61: 60 | P61: 50 | R61: 0 | Y61: =_xlfn.XLOOKUP(H61,'[1]4G Parameters'!$G:$G,'[1]4G Parameters'!$AA:$AA) | Z61: 2T2R | AA61: 2T2R | AB61: R9254E S8500 | AC61: A9652 S35*3+R9254E S1800*1+R9264H M901821*3+R9254E S8500*2+R9244 S9000*1+FL8590A*4 | AD61: AQU4518R9v06 | AE61: 60 | AF61: 50 | AH61: 0 | AI61: =_xlfn.XLOOKUP(A61,'[2]177+10+50 Sites (detail)'!$B:$B,'[2]177+10+50 Sites (detail)'!$I:$I) | AJ61: =_xlfn.XLOOKUP(A61,[3]最小距离站点!$A:$A,[3]最小距离站点!$B:$B) | AK61: =_xlfn.XLOOKUP(A61,[3]最小距离站点!$A:$A,[3]最小距离站点!$C:$C) | AL61: pilot'
A62: GMNIT1 | B62: GMNIT1_0UL00_Nittambuwa_Di | C62: Huawei | F62: 7.145555 | G62: 80.093055 | H62: GMNIT1-M-L21-B2 | K62: S2 | L62: 4G | M62: 2100 | N62: AQU4518R9v06 | O62: 60 | P62: 130 | R62: 0 | Y62: =_xlfn.XLOOKUP(H62,'[1]4G Parameters'!$G:$G,'[1]4G Parameters'!$AA:$AA) | Z62: 6T6R | AA62: 4T4R | AB62: R9264H M901821 | AC62: A9652 S35*3+R9254E S1800*1+R9264H M901821*3+R9254E S8500*2+R9244 S9000*1+FL8590A*4 | AD62: AQU4518R9v06 | AE62: 60 | AF62: 130 | AH62: 0 | AI62: =_xlfn.XLOOKUP(A62,'[2]177+10+50 Sites (detail)'!$B:$B,'[2]177+10+50 Sites (detail)'!$I:$I) | AJ62: =_xlfn.XLOOKUP(A62,[3]最小距离站点!$A:$A,[3]最小距离站点!$B:$B) | AK62: =_xlfn.XLOOKUP(A62,[3]最小距离站点!$A:$A,[3]最小距离站点!$C:$C) | AL62: pilot'
A63: GMNIT1 | B63: GMNIT1_0UL00_Nittambuwa_Di | C63: Huawei | F63: 7.145555 | G63: 80.093055 | H63: GMNIT1H | K63: S2 | L63: 4G | M63: 1800 | N63: AQU4518R9v06 | O63: 60 | P63: 130 | R63: 0 | Y63: =_xlfn.XLOOKUP(H63,'[1]4G Parameters'!$G:$G,'[1]4G Parameters'!$AA:$AA) | Z63: 6T6R | AA63: 4T4R | AB63: R9264H M901821 | AC63: A9652 S35*3+R9254E S1800*1+R9264H M901821*3+R9254E S8500*2+R9244 S9000*1+FL8590A*4 | AD63: AQU4518R9v06 | AE63: 60 | AF63: 130 | AH63: 0 | AI63: =_xlfn.XLOOKUP(A63,'[2]177+10+50 Sites (detail)'!$B:$B,'[2]177+10+50 Sites (detail)'!$I:$I) | AJ63: =_xlfn.XLOOKUP(A63,[3]最小距离站点!$A:$A,[3]最小距离站点!$B:$B) | AK63: =_xlfn.XLOOKUP(A63,[3]最小距离站点!$A:$A,[3]最小距离站点!$C:$C) | AL63: pilot'
A64: GMNIT1 | B64: GMNIT1_0UL00_Nittambuwa_Di | C64: Huawei | F64: 7.145555 | G64: 80.093055 | H64: GMNIT1-M-L85-B1 | K64: S2 | L64: 4G | M64: 850 | N64: AQU4518R9v06 | O64: 60 | P64: 130 | R64: 0 | Y64: =_xlfn.XLOOKUP(H64,'[1]4G Parameters'!$G:$G,'[1]4G Parameters'!$AA:$AA) | Z64: 2T2R | AA64: 2T2R | AB64: R9254E S8500 | AC64: A9652 S35*3+R9254E S1800*1+R9264H M901821*3+R9254E S8500*2+R9244 S9000*1+FL8590A*4 | AD64: AQU4518R9v06 | AE64: 60 | AF64: 130 | AH64: 0 | AI64: =_xlfn.XLOOKUP(A64,'[2]177+10+50 Sites (detail)'!$B:$B,'[2]177+10+50 Sites (detail)'!$I:$I) | AJ64: =_xlfn.XLOOKUP(A64,[3]最小距离站点!$A:$A,[3]最小距离站点!$B:$B) | AK64: =_xlfn.XLOOKUP(A64,[3]最小距离站点!$A:$A,[3]最小距离站点!$C:$C) | AL64: pilot'
A65: GMNIT1 | B65: GMNIT1_0UL00_Nittambuwa_Di | C65: Huawei | F65: 7.145555 | G65: 80.093055 | H65: GMNIT1-M-L21-C2 | K65: S3 | L65: 4G | M65: 2100 | N65: AQU4518R9v06 | O65: 60 | P65: 280 | R65: 0 | Y65: =_xlfn.XLOOKUP(H65,'[1]4G Parameters'!$G:$G,'[1]4G Parameters'!$AA:$AA) | Z65: 6T6R | AA65: 4T4R | AB65: R9264H M901821 | AC65: A9652 S35*3+R9254E S1800*1+R9264H M901821*3+R9254E S8500*2+R9244 S9000*1+FL8590A*4 | AD65: AQU4518R9v06 | AE65: 60 | AF65: 280 | AH65: 0 | AI65: =_xlfn.XLOOKUP(A65,'[2]177+10+50 Sites (detail)'!$B:$B,'[2]177+10+50 Sites (detail)'!$I:$I) | AJ65: =_xlfn.XLOOKUP(A65,[3]最小距离站点!$A:$A,[3]最小距离站点!$B:$B) | AK65: =_xlfn.XLOOKUP(A65,[3]最小距离站点!$A:$A,[3]最小距离站点!$C:$C) | AL65: pilot'
A66: GMNIT1 | B66: GMNIT1_0UL00_Nittambuwa_Di | C66: Huawei | F66: 7.145555 | G66: 80.093055 | H66: GMNIT1I | K66: S3 | L66: 4G | M66: 1800 | N66: AQU4518R9v06 | O66: 60 | P66: 280 | R66: 0 | Y66: =_xlfn.XLOOKUP(H66,'[1]4G Parameters'!$G:$G,'[1]4G Parameters'!$AA:$AA) | Z66: 6T6R | AA66: 4T4R | AB66: R9264H M901821 | AC66: A9652 S35*3+R9254E S1800*1+R9264H M901821*3+R9254E S8500*2+R9244 S9000*1+FL8590A*4 | AD66: AQU4518R9v06 | AE66: 60 | AF66: 280 | AH66: 0 | AI66: =_xlfn.XLOOKUP(A66,'[2]177+10+50 Sites (detail)'!$B:$B,'[2]177+10+50 Sites (detail)'!$I:$I) | AJ66: =_xlfn.XLOOKUP(A66,[3]最小距离站点!$A:$A,[3]最小距离站点!$B:$B) | AK66: =_xlfn.XLOOKUP(A66,[3]最小距离站点!$A:$A,[3]最小距离站点!$C:$C) | AL66: pilot'
A67: GMNIT1 | B67: GMNIT1_0UL00_Nittambuwa_Di | C67: Huawei | F67: 7.145555 | G67: 80.093055 | H67: GMNIT1-M-L85-C1 | K67: S3 | L67: 4G | M67: 850 | N67: AQU4518R9v06 | O67: 60 | P67: 280 | R67: 0 | Y67: =_xlfn.XLOOKUP(H67,'[1]4G Parameters'!$G:$G,'[1]4G Parameters'!$AA:$AA) | Z67: 2T2R | AA67: 2T2R | AB67: R9254E S8500 | AC67: A9652 S35*3+R9254E S1800*1+R9264H M901821*3+R9254E S8500*2+R9244 S9000*1+FL8590A*4 | AD67: AQU4518R9v06 | AE67: 60 | AF67: 280 | AH67: 0 | AI67: =_xlfn.XLOOKUP(A67,'[2]177+10+50 Sites (detail)'!$B:$B,'[2]177+10+50 Sites (detail)'!$I:$I) | AJ67: =_xlfn.XLOOKUP(A67,[3]最小距离站点!$A:$A,[3]最小距离站点!$B:$B) | AK67: =_xlfn.XLOOKUP(A67,[3]最小距离站点!$A:$A,[3]最小距离站点!$C:$C) | AL67: pilot'
A68: GMNIT1 | B68: GMNIT1_0UL00_Nittambuwa_Di | C68: Huawei | F68: 7.145555 | G68: 80.093055 | H68: GMNIT1-M-L85-D1 | K68: S4 | L68: 4G | M68: 850 | N68: AQU4518R9v06 | O68: 60 | P68: 190 | R68: 0 | Y68: =_xlfn.XLOOKUP(H68,'[1]4G Parameters'!$G:$G,'[1]4G Parameters'!$AA:$AA) | Z68: 2T2R | AA68: 2T2R | AB68: R9254E S8500 | AC68: A9652 S35*3+R9254E S1800*1+R9264H M901821*3+R9254E S8500*2+R9244 S9000*1+FL8590A*4 | AD68: AQU4518R9v06 | AE68: 60 | AF68: 190 | AH68: 0 | AI68: =_xlfn.XLOOKUP(A68,'[2]177+10+50 Sites (detail)'!$B:$B,'[2]177+10+50 Sites (detail)'!$I:$I) | AJ68: =_xlfn.XLOOKUP(A68,[3]最小距离站点!$A:$A,[3]最小距离站点!$B:$B) | AK68: =_xlfn.XLOOKUP(A68,[3]最小距离站点!$A:$A,[3]最小距离站点!$C:$C) | AL68: pilot'
A69: GMNIT3 | B69: GMNIT3_0UL00_Nittambuwa Town_Gm | C69: Huawei | F69: 7.1397 | G69: 80.0961 | H69: GMNIT3-M-L21-A2 | K69: S1 | L69: 4G | M69: 2100 | N69: TBXLHA-6565C-VTM | O69: 60 | P69: 0 | R69: 0 | Y69: =_xlfn.XLOOKUP(H69,'[1]4G Parameters'!$G:$G,'[1]4G Parameters'!$AA:$AA) | AA69: 4T4R | AB69: R9264H M901821 | AC69: R9264H M901821*3 | AD69: TBXLHA-6565C-VTM | AE69: 60 | AF69: 0 | AH69: 0 | AI69: =_xlfn.XLOOKUP(A69,'[2]177+10+50 Sites (detail)'!$B:$B,'[2]177+10+50 Sites (detail)'!$I:$I) | AJ69: =_xlfn.XLOOKUP(A69,[3]最小距离站点!$A:$A,[3]最小距离站点!$B:$B) | AK69: =_xlfn.XLOOKUP(A69,[3]最小距离站点!$A:$A,[3]最小距离站点!$C:$C) | AL69: pilot'
A70: GMNIT3 | B70: GMNIT3_0UL00_Nittambuwa Town_Gm | C70: Huawei | F70: 7.1397 | G70: 80.0961 | H70: GMNIT3G | K70: S1 | L70: 4G | M70: 1800 | N70: TBXLHA-6565C-VTM | O70: 60 | P70: 0 | R70: 0 | Y70: =_xlfn.XLOOKUP(H70,'[1]4G Parameters'!$G:$G,'[1]4G Parameters'!$AA:$AA) | AA70: 4T4R | AB70: R9264H M901821 | AC70: R9264H M901821*3 | AD70: TBXLHA-6565C-VTM | AE70: 60 | AF70: 0 | AH70: 0 | AI70: =_xlfn.XLOOKUP(A70,'[2]177+10+50 Sites (detail)'!$B:$B,'[2]177+10+50 Sites (detail)'!$I:$I) | AJ70: =_xlfn.XLOOKUP(A70,[3]最小距离站点!$A:$A,[3]最小距离站点!$B:$B) | AK70: =_xlfn.XLOOKUP(A70,[3]最小距离站点!$A:$A,[3]最小距离站点!$C:$C) | AL70: pilot'
A71: GMNIT3 | B71: GMNIT3_0UL00_Nittambuwa Town_Gm | C71: Huawei | F71: 7.1397 | G71: 80.0961 | H71: GMNIT3-M-L21-B2 | K71: S2 | L71: 4G | M71: 2100 | N71: TBXLHA-6565C-VTM | O71: 60 | P71: 90 | R71: 0 | Y71: =_xlfn.XLOOKUP(H71,'[1]4G Parameters'!$G:$G,'[1]4G Parameters'!$AA:$AA) | AA71: 4T4R | AB71: R9264H M901821 | AC71: R9264H M901821*3 | AD71: TBXLHA-6565C-VTM | AE71: 60 | AF71: 90 | AH71: 0 | AI71: =_xlfn.XLOOKUP(A71,'[2]177+10+50 Sites (detail)'!$B:$B,'[2]177+10+50 Sites (detail)'!$I:$I) | AJ71: =_xlfn.XLOOKUP(A71,[3]最小距离站点!$A:$A,[3]最小距离站点!$B:$B) | AK71: =_xlfn.XLOOKUP(A71,[3]最小距离站点!$A:$A,[3]最小距离站点!$C:$C) | AL71: pilot'
A72: GMNIT3 | B72: GMNIT3_0UL00_Nittambuwa Town_Gm | C72: Huawei | F72: 7.1397 | G72: 80.0961 | H72: GMNIT3H | K72: S2 | L72: 4G | M72: 1800 | N72: TBXLHA-6565C-VTM | O72: 60 | P72: 90 | R72: 0 | Y72: =_xlfn.XLOOKUP(H72,'[1]4G Parameters'!$G:$G,'[1]4G Parameters'!$AA:$AA) | AA72: 4T4R | AB72: R9264H M901821 | AC72: R9264H M901821*3 | AD72: TBXLHA-6565C-VTM | AE72: 60 | AF72: 90 | AH72: 0 | AI72: =_xlfn.XLOOKUP(A72,'[2]177+10+50 Sites (detail)'!$B:$B,'[2]177+10+50 Sites (detail)'!$I:$I) | AJ72: =_xlfn.XLOOKUP(A72,[3]最小距离站点!$A:$A,[3]最小距离站点!$B:$B) | AK72: =_xlfn.XLOOKUP(A72,[3]最小距离站点!$A:$A,[3]最小距离站点!$C:$C) | AL72: pilot'
A73: GMNIT3 | B73: GMNIT3_0UL00_Nittambuwa Town_Gm | C73: Huawei | F73: 7.1397 | G73: 80.0961 | H73: GMNIT3-M-L21-C2 | K73: S3 | L73: 4G | M73: 2100 | N73: TBXLHA-6565C-VTM | O73: 60 | P73: 180 | R73: 0 | Y73: =_xlfn.XLOOKUP(H73,'[1]4G Parameters'!$G:$G,'[1]4G Parameters'!$AA:$AA) | AA73: 4T4R | AB73: R9264H M901821 | AC73: R9264H M901821*3 | AD73: TBXLHA-6565C-VTM | AE73: 60 | AF73: 180 | AH73: 0 | AI73: =_xlfn.XLOOKUP(A73,'[2]177+10+50 Sites (detail)'!$B:$B,'[2]177+10+50 Sites (detail)'!$I:$I) | AJ73: =_xlfn.XLOOKUP(A73,[3]最小距离站点!$A:$A,[3]最小距离站点!$B:$B) | AK73: =_xlfn.XLOOKUP(A73,[3]最小距离站点!$A:$A,[3]最小距离站点!$C:$C) | AL73: pilot'
A74: GMNIT3 | B74: GMNIT3_0UL00_Nittambuwa Town_Gm | C74: Huawei | F74: 7.1397 | G74: 80.0961 | H74: GMNIT3I | K74: S3 | L74: 4G | M74: 1800 | N74: TBXLHA-6565C-VTM | O74: 60 | P74: 180 | R74: 0 | Y74: =_xlfn.XLOOKUP(H74,'[1]4G Parameters'!$G:$G,'[1]4G Parameters'!$AA:$AA) | AA74: 4T4R | AB74: R9264H M901821 | AC74: R9264H M901821*3 | AD74: TBXLHA-6565C-VTM | AE74: 60 | AF74: 180 | AH74: 0 | AI74: =_xlfn.XLOOKUP(A74,'[2]177+10+50 Sites (detail)'!$B:$B,'[2]177+10+50 Sites (detail)'!$I:$I) | AJ74: =_xlfn.XLOOKUP(A74,[3]最小距离站点!$A:$A,[3]最小距离站点!$B:$B) | AK74: =_xlfn.XLOOKUP(A74,[3]最小距离站点!$A:$A,[3]最小距离站点!$C:$C) | AL74: pilot'
A75: GMTHI1 | B75: GMTHI1_G_Thihariya_89__Gm | C75: Huawei | F75: 7.1285 | G75: 80.069 | H75: GMTHI1A | K75: S1 | L75: 2G | M75: 900 | N75: AQU4518R9v06 | O75: 55 | P75: 20 | R75: 2 | AA75: 1T1R | AB75: R9264H M901821 | AC75: A9652 S35*3+R9254E S1800*1+R9264H M901821*3+R9254E S8500*2+R9244 S9000*1+FL8590A*4 | AD75: AQU4518R9v06 | AE75: 55 | AF75: 20 | AH75: 2 | AL75: pilot'
A76: GMTHI1 | B76: GMTHI1_G_Thihariya_89__Gm | C76: Huawei | F76: 7.1285 | G76: 80.069 | H76: GMTHI1B | K76: S2 | L76: 2G | M76: 900 | N76: AQU4518R9v06 | O76: 55 | P76: 150 | R76: 2 | AA76: 1T1R | AB76: R9264H M901821 | AC76: A9652 S35*3+R9254E S1800*1+R9264H M901821*3+R9254E S8500*2+R9244 S9000*1+FL8590A*4 | AD76: AQU4518R9v06 | AE76: 55 | AF76: 150 | AH76: 2 | AL76: pilot'
A77: GMTHI1 | B77: GMTHI1_G_Thihariya_8__Gm | C77: Huawei | F77: 7.1285 | G77: 80.069 | H77: GMTHI1R | K77: S3 | L77: 2G | M77: 1800 | N77: AQU4518R9v06 | O77: 55 | P77: 260 | R77: 2 | AA77: 1T1R | AB77: R9264H M901821 | AC77: A9652 S35*3+R9254E S1800*1+R9264H M901821*3+R9254E S8500*2+R9244 S9000*1+FL8590A*4 | AD77: AQU4518R9v06 | AE77: 55 | AF77: 260 | AH77: 2 | AL77: pilot'
A78: GMTHI1 | B78: GMTHI1_G_Thihariya_89__Gm | C78: Huawei | F78: 7.1285 | G78: 80.069 | H78: GMTHI1C | K78: S3 | L78: 2G | M78: 900 | N78: AQU4518R9v06 | O78: 55 | P78: 260 | R78: 2 | AA78: 1T1R | AB78: R9264H M901821 | AC78: A9652 S35*3+R9254E S1800*1+R9264H M901821*3+R9254E S8500*2+R9244 S9000*1+FL8590A*4 | AD78: AQU4518R9v06 | AE78: 55 | AF78: 260 | AH78: 2 | AL78: pilot'
A79: GMTHI1 | B79: GMTHI1_G_Thihariya_9__Gm | C79: Huawei | F79: 7.1285 | G79: 80.069 | H79: GMTHI1D | K79: S4 | L79: 2G | M79: 900 | N79: AQU4518R9v06 | O79: 55 | P79: 355 | R79: 2 | AA79: 1T1R | AB79: R9244 S9000 | AC79: A9652 S35*3+R9254E S1800*1+R9264H M901821*3+R9254E S8500*2+R9244 S9000*1+FL8590A*4 | AD79: AQU4518R9v06 | AE79: 55 | AF79: 355 | AH79: 2 | AL79: pilot'
A80: GMTHI1 | B80: GMTHI1_GUL00_Thihariya_Gm | C80: Huawei | F80: 7.1285 | G80: 80.069 | H80: GMTHI1-M-L21-A2 | K80: S1 | L80: 4G | M80: 2100 | N80: AQU4518R9v06 | O80: 60 | P80: 20 | R80: 0 | Y80: =_xlfn.XLOOKUP(H80,'[1]4G Parameters'!$G:$G,'[1]4G Parameters'!$AA:$AA) | Z80: 6T6R | AA80: 4T4R | AB80: R9264H M901821 | AC80: A9652 S35*3+R9254E S1800*1+R9264H M901821*3+R9254E S8500*2+R9244 S9000*1+FL8590A*4 | AD80: AQU4518R9v06 | AE80: 60 | AF80: 20 | AH80: 0 | AI80: =_xlfn.XLOOKUP(A80,'[2]177+10+50 Sites (detail)'!$B:$B,'[2]177+10+50 Sites (detail)'!$I:$I) | AJ80: =_xlfn.XLOOKUP(A80,[3]最小距离站点!$A:$A,[3]最小距离站点!$B:$B) | AK80: =_xlfn.XLOOKUP(A80,[3]最小距离站点!$A:$A,[3]最小距离站点!$C:$C) | AL80: pilot'
A81: GMTHI1 | B81: GMTHI1_GUL00_Thihariya_Gm | C81: Huawei | F81: 7.1285 | G81: 80.069 | H81: GMTHI1G | K81: S1 | L81: 4G | M81: 1800 | N81: AQU4518R9v06 | O81: 60 | P81: 20 | R81: 0 | Y81: =_xlfn.XLOOKUP(H81,'[1]4G Parameters'!$G:$G,'[1]4G Parameters'!$AA:$AA) | Z81: 6T6R | AA81: 4T4R | AB81: R9264H M901821 | AC81: A9652 S35*3+R9254E S1800*1+R9264H M901821*3+R9254E S8500*2+R9244 S9000*1+FL8590A*4 | AD81: AQU4518R9v06 | AE81: 60 | AF81: 20 | AH81: 0 | AI81: =_xlfn.XLOOKUP(A81,'[2]177+10+50 Sites (detail)'!$B:$B,'[2]177+10+50 Sites (detail)'!$I:$I) | AJ81: =_xlfn.XLOOKUP(A81,[3]最小距离站点!$A:$A,[3]最小距离站点!$B:$B) | AK81: =_xlfn.XLOOKUP(A81,[3]最小距离站点!$A:$A,[3]最小距离站点!$C:$C) | AL81: pilot'
A82: GMTHI1 | B82: GMTHI1_GUL00_Thihariya_Gm | C82: Huawei | F82: 7.1285 | G82: 80.069 | H82: GMTHI1-M-L85-A1 | K82: S1 | L82: 4G | M82: 850 | N82: AQU4518R9v06 | O82: 60 | P82: 20 | R82: 0 | Y82: =_xlfn.XLOOKUP(H82,'[1]4G Parameters'!$G:$G,'[1]4G Parameters'!$AA:$AA) | Z82: 2T2R | AA82: 2T2R | AB82: R9254E S8500 | AC82: A9652 S35*3+R9254E S1800*1+R9264H M901821*3+R9254E S8500*2+R9244 S9000*1+FL8590A*4 | AD82: AQU4518R9v06 | AE82: 60 | AF82: 20 | AH82: 0 | AI82: =_xlfn.XLOOKUP(A82,'[2]177+10+50 Sites (detail)'!$B:$B,'[2]177+10+50 Sites (detail)'!$I:$I) | AJ82: =_xlfn.XLOOKUP(A82,[3]最小距离站点!$A:$A,[3]最小距离站点!$B:$B) | AK82: =_xlfn.XLOOKUP(A82,[3]最小距离站点!$A:$A,[3]最小距离站点!$C:$C) | AL82: pilot'
A83: GMTHI1 | B83: GMTHI1_GUL00_Thihariya_Gm | C83: Huawei | F83: 7.1285 | G83: 80.069 | H83: GMTHI1-M-L21-B2 | K83: S2 | L83: 4G | M83: 2100 | N83: AQU4518R9v06 | O83: 60 | P83: 150 | R83: 0 | Y83: =_xlfn.XLOOKUP(H83,'[1]4G Parameters'!$G:$G,'[1]4G Parameters'!$AA:$AA) | Z83: 6T6R | AA83: 4T4R | AB83: R9264H M901821 | AC83: A9652 S35*3+R9254E S1800*1+R9264H M901821*3+R9254E S8500*2+R9244 S9000*1+FL8590A*4 | AD83: AQU4518R9v06 | AE83: 60 | AF83: 150 | AH83: 0 | AI83: =_xlfn.XLOOKUP(A83,'[2]177+10+50 Sites (detail)'!$B:$B,'[2]177+10+50 Sites (detail)'!$I:$I) | AJ83: =_xlfn.XLOOKUP(A83,[3]最小距离站点!$A:$A,[3]最小距离站点!$B:$B) | AK83: =_xlfn.XLOOKUP(A83,[3]最小距离站点!$A:$A,[3]最小距离站点!$C:$C) | AL83: pilot'
A84: GMTHI1 | B84: GMTHI1_GUL00_Thihariya_Gm | C84: Huawei | F84: 7.1285 | G84: 80.069 | H84: GMTHI1H | K84: S2 | L84: 4G | M84: 1800 | N84: AQU4518R9v06 | O84: 60 | P84: 150 | R84: 0 | Y84: =_xlfn.XLOOKUP(H84,'[1]4G Parameters'!$G:$G,'[1]4G Parameters'!$AA:$AA) | Z84: 6T6R | AA84: 4T4R | AB84: R9264H M901821 | AC84: A9652 S35*3+R9254E S1800*1+R9264H M901821*3+R9254E S8500*2+R9244 S9000*1+FL8590A*4 | AD84: AQU4518R9v06 | AE84: 60 | AF84: 150 | AH84: 0 | AI84: =_xlfn.XLOOKUP(A84,'[2]177+10+50 Sites (detail)'!$B:$B,'[2]177+10+50 Sites (detail)'!$I:$I) | AJ84: =_xlfn.XLOOKUP(A84,[3]最小距离站点!$A:$A,[3]最小距离站点!$B:$B) | AK84: =_xlfn.XLOOKUP(A84,[3]最小距离站点!$A:$A,[3]最小距离站点!$C:$C) | AL84: pilot'
A85: GMTHI1 | B85: GMTHI1_GUL00_Thihariya_Gm | C85: Huawei | F85: 7.1285 | G85: 80.069 | H85: GMTHI1-M-L85-B1 | K85: S2 | L85: 4G | M85: 850 | N85: AQU4518R9v06 | O85: 60 | P85: 150 | R85: 0 | Y85: =_xlfn.XLOOKUP(H85,'[1]4G Parameters'!$G:$G,'[1]4G Parameters'!$AA:$AA) | Z85: 2T2R | AA85: 2T2R | AB85: R9254E S8500 | AC85: A9652 S35*3+R9254E S1800*1+R9264H M901821*3+R9254E S8500*2+R9244 S9000*1+FL8590A*4 | AD85: AQU4518R9v06 | AE85: 60 | AF85: 150 | AH85: 0 | AI85: =_xlfn.XLOOKUP(A85,'[2]177+10+50 Sites (detail)'!$B:$B,'[2]177+10+50 Sites (detail)'!$I:$I) | AJ85: =_xlfn.XLOOKUP(A85,[3]最小距离站点!$A:$A,[3]最小距离站点!$B:$B) | AK85: =_xlfn.XLOOKUP(A85,[3]最小距离站点!$A:$A,[3]最小距离站点!$C:$C) | AL85: pilot'
A86: GMTHI1 | B86: GMTHI1_GUL00_Thihariya_Gm | C86: Huawei | F86: 7.1285 | G86: 80.069 | H86: GMTHI1-M-L21-C2 | K86: S3 | L86: 4G | M86: 2100 | N86: AQU4518R9v06 | O86: 60 | P86: 260 | R86: 0 | Y86: =_xlfn.XLOOKUP(H86,'[1]4G Parameters'!$G:$G,'[1]4G Parameters'!$AA:$AA) | Z86: 6T6R | AA86: 4T4R | AB86: R9264H M901821 | AC86: A9652 S35*3+R9254E S1800*1+R9264H M901821*3+R9254E S8500*2+R9244 S9000*1+FL8590A*4 | AD86: AQU4518R9v06 | AE86: 60 | AF86: 260 | AH86: 0 | AI86: =_xlfn.XLOOKUP(A86,'[2]177+10+50 Sites (detail)'!$B:$B,'[2]177+10+50 Sites (detail)'!$I:$I) | AJ86: =_xlfn.XLOOKUP(A86,[3]最小距离站点!$A:$A,[3]最小距离站点!$B:$B) | AK86: =_xlfn.XLOOKUP(A86,[3]最小距离站点!$A:$A,[3]最小距离站点!$C:$C) | AL86: pilot'
A87: GMTHI1 | B87: GMTHI1_GUL00_Thihariya_Gm | C87: Huawei | F87: 7.1285 | G87: 80.069 | H87: GMTHI1I | K87: S3 | L87: 4G | M87: 1800 | N87: AQU4518R9v06 | O87: 60 | P87: 260 | R87: 0 | Y87: =_xlfn.XLOOKUP(H87,'[1]4G Parameters'!$G:$G,'[1]4G Parameters'!$AA:$AA) | Z87: 6T6R | AA87: 4T4R | AB87: R9264H M901821 | AC87: A9652 S35*3+R9254E S1800*1+R9264H M901821*3+R9254E S8500*2+R9244 S9000*1+FL8590A*4 | AD87: AQU4518R9v06 | AE87: 60 | AF87: 260 | AH87: 0 | AI87: =_xlfn.XLOOKUP(A87,'[2]177+10+50 Sites (detail)'!$B:$B,'[2]177+10+50 Sites (detail)'!$I:$I) | AJ87: =_xlfn.XLOOKUP(A87,[3]最小距离站点!$A:$A,[3]最小距离站点!$B:$B) | AK87: =_xlfn.XLOOKUP(A87,[3]最小距离站点!$A:$A,[3]最小距离站点!$C:$C) | AL87: pilot'
A88: GMTHI1 | B88: GMTHI1_GUL00_Thihariya_Gm | C88: Huawei | F88: 7.1285 | G88: 80.069 | H88: GMTHI1-M-L85-C1 | K88: S3 | L88: 4G | M88: 850 | N88: AQU4518R9v06 | O88: 60 | P88: 260 | R88: 0 | Y88: =_xlfn.XLOOKUP(H88,'[1]4G Parameters'!$G:$G,'[1]4G Parameters'!$AA:$AA) | Z88: 2T2R | AA88: 2T2R | AB88: R9254E S8500 | AC88: A9652 S35*3+R9254E S1800*1+R9264H M901821*3+R9254E S8500*2+R9244 S9000*1+FL8590A*4 | AD88: AQU4518R9v06 | AE88: 60 | AF88: 260 | AH88: 0 | AI88: =_xlfn.XLOOKUP(A88,'[2]177+10+50 Sites (detail)'!$B:$B,'[2]177+10+50 Sites (detail)'!$I:$I) | AJ88: =_xlfn.XLOOKUP(A88,[3]最小距离站点!$A:$A,[3]最小距离站点!$B:$B) | AK88: =_xlfn.XLOOKUP(A88,[3]最小距离站点!$A:$A,[3]最小距离站点!$C:$C) | AL88: pilot'
A89: GMTHI1 | B89: GMTHI1_GUL00_Thihariya_Gm | C89: Huawei | F89: 7.1285 | G89: 80.069 | H89: GMTHI1F | K89: S4 | L89: 4G | M89: 1800 | N89: AQU4518R9v06 | O89: 60 | P89: 355 | R89: 0 | Y89: =_xlfn.XLOOKUP(H89,'[1]4G Parameters'!$G:$G,'[1]4G Parameters'!$AA:$AA) | Z89: 6T6R | AA89: 4T4R | AB89: R9254E S1800 | AC89: A9652 S35*3+R9254E S1800*1+R9264H M901821*3+R9254E S8500*2+R9244 S9000*1+FL8590A*4 | AD89: AQU4518R9v06 | AE89: 60 | AF89: 355 | AH89: 0 | AI89: =_xlfn.XLOOKUP(A89,'[2]177+10+50 Sites (detail)'!$B:$B,'[2]177+10+50 Sites (detail)'!$I:$I) | AJ89: =_xlfn.XLOOKUP(A89,[3]最小距离站点!$A:$A,[3]最小距离站点!$B:$B) | AK89: =_xlfn.XLOOKUP(A89,[3]最小距离站点!$A:$A,[3]最小距离站点!$C:$C) | AL89: pilot'
A90: GMTHI1 | B90: GMTHI1_GUL00_Thihariya_Gm | C90: Huawei | F90: 7.1285 | G90: 80.069 | H90: GMTHI1-M-L85-D1 | K90: S4 | L90: 4G | M90: 850 | N90: AQU4518R9v06 | O90: 60 | P90: 355 | R90: 0 | Y90: =_xlfn.XLOOKUP(H90,'[1]4G Parameters'!$G:$G,'[1]4G Parameters'!$AA:$AA) | Z90: 2T2R | AA90: 2T2R | AB90: R9254E S8500 | AC90: A9652 S35*3+R9254E S1800*1+R9264H M901821*3+R9254E S8500*2+R9244 S9000*1+FL8590A*4 | AD90: AQU4518R9v06 | AE90: 60 | AF90: 355 | AH90: 0 | AI90: =_xlfn.XLOOKUP(A90,'[2]177+10+50 Sites (detail)'!$B:$B,'[2]177+10+50 Sites (detail)'!$I:$I) | AJ90: =_xlfn.XLOOKUP(A90,[3]最小距离站点!$A:$A,[3]最小距离站点!$B:$B) | AK90: =_xlfn.XLOOKUP(A90,[3]最小距离站点!$A:$A,[3]最小距离站点!$C:$C) | AL90: pilot'
A91: GMTHI2 | B91: GMTHI2_G_Thihariya_2_8_Gm | C91: Huawei | F91: 7.1341 | G91: 80.0798 | H91: GMTHI2P | K91: S1 | L91: 2G | M91: 1800 | N91: AQU4518R9v06 | O91: 0 | P91: 80 | R91: 2 | AA91: 1T1R | AB91: R9264H M901821*3 | AC91: A9652 S35*3+R9264H M901821*3+R9254E S8500*2+FL8590A*3 | AD91: AQU4518R9v06 | AE91: 0 | AF91: 80 | AH91: 2 | AL91: pilot'
A92: GMTHI2 | B92: GMTHI2_G_Thihariya2__9__Gm | C92: Huawei | F92: 7.13409 | G92: 80.0798 | H92: GMTHI2A | K92: S1 | L92: 2G | M92: 900 | N92: AQU4518R9v06 | O92: 45 | P92: 80 | R92: 2 | AA92: 1T1R | AB92: R9264H M901821*3 | AC92: A9652 S35*3+R9264H M901821*3+R9254E S8500*2+FL8590A*3 | AD92: AQU4518R9v06 | AE92: 45 | AF92: 80 | AH92: 2 | AL92: pilot'
A93: GMTHI2 | B93: GMTHI2_G_Thihariya_2_8_Gm | C93: Huawei | F93: 7.1341 | G93: 80.0798 | H93: GMTHI2Q | K93: S2 | L93: 2G | M93: 1800 | N93: AQU4518R9v06 | O93: 0 | P93: 160 | R93: 2 | AA93: 1T1R | AB93: R9264H M901821*3 | AC93: A9652 S35*3+R9264H M901821*3+R9254E S8500*2+FL8590A*3 | AD93: AQU4518R9v06 | AE93: 0 | AF93: 160 | AH93: 2 | AL93: pilot'
A94: GMTHI2 | B94: GMTHI2_G_Thihariya2__9__Gm | C94: Huawei | F94: 7.13409 | G94: 80.0798 | H94: GMTHI2B | K94: S2 | L94: 2G | M94: 900 | N94: AQU4518R9v06 | O94: 45 | P94: 160 | R94: 2 | AA94: 1T1R | AB94: R9264H M901821*3 | AC94: A9652 S35*3+R9264H M901821*3+R9254E S8500*2+FL8590A*3 | AD94: AQU4518R9v06 | AE94: 45 | AF94: 160 | AH94: 2 | AL94: pilot'
A95: GMTHI2 | B95: GMTHI2_G_Thihariya_2_8_Gm | C95: Huawei | F95: 7.1341 | G95: 80.0798 | H95: GMTHI2R | K95: S3 | L95: 2G | M95: 1800 | N95: AQU4518R9v06 | O95: 0 | P95: 305 | R95: 2 | AA95: 1T1R | AB95: R9264H M901821*3 | AC95: A9652 S35*3+R9264H M901821*3+R9254E S8500*2+FL8590A*3 | AD95: AQU4518R9v06 | AE95: 0 | AF95: 305 | AH95: 2 | AL95: pilot'
A96: GMTHI2 | B96: GMTHI2_G_Thihariya2__9__Gm | C96: Huawei | F96: 7.13409 | G96: 80.0798 | H96: GMTHI2C | K96: S3 | L96: 2G | M96: 900 | N96: AQU4518R9v06 | O96: 45 | P96: 305 | R96: 2 | AA96: 1T1R | AB96: R9264H M901821*3 | AC96: A9652 S35*3+R9264H M901821*3+R9254E S8500*2+FL8590A*3 | AD96: AQU4518R9v06 | AE96: 45 | AF96: 305 | AH96: 2 | AL96: pilot'
A97: GMTHI2 | B97: GMTHI2_GUL00_Thihariya2_Gm | C97: Huawei | D97: 无850 | F97: 7.13409 | G97: 80.0798 | H97: GMTHI2-M-L21-A2 | K97: S1 | L97: 4G | M97: 2100 | N97: AQU4518R9v06 | O97: 70 | P97: 80 | R97: 0 | Y97: =_xlfn.XLOOKUP(H97,'[1]4G Parameters'!$G:$G,'[1]4G Parameters'!$AA:$AA) | Z97: 6T6R | AA97: 4T4R | AB97: R9264H M901821*3 | AC97: A9652 S35*3+R9264H M901821*3+R9254E S8500*2+FL8590A*3 | AD97: AQU4518R9v06 | AE97: 70 | AF97: 80 | AH97: 0 | AI97: =_xlfn.XLOOKUP(A97,'[2]177+10+50 Sites (detail)'!$B:$B,'[2]177+10+50 Sites (detail)'!$I:$I) | AJ97: =_xlfn.XLOOKUP(A97,[3]最小距离站点!$A:$A,[3]最小距离站点!$B:$B) | AK97: =_xlfn.XLOOKUP(A97,[3]最小距离站点!$A:$A,[3]最小距离站点!$C:$C) | AL97: pilot'
A98: GMTHI2 | B98: GMTHI2_GUL00_Thihariya2_Gm | C98: Huawei | D98: 无850 | F98: 7.13409 | G98: 80.0798 | H98: GMTHI2G | K98: S1 | L98: 4G | M98: 1800 | N98: AQU4518R9v06 | O98: 70 | P98: 80 | R98: 0 | Y98: =_xlfn.XLOOKUP(H98,'[1]4G Parameters'!$G:$G,'[1]4G Parameters'!$AA:$AA) | Z98: 6T6R | AA98: 4T4R | AB98: R9264H M901821*3 | AC98: A9652 S35*3+R9264H M901821*3+R9254E S8500*2+FL8590A*3 | AD98: AQU4518R9v06 | AE98: 70 | AF98: 80 | AH98: 0 | AI98: =_xlfn.XLOOKUP(A98,'[2]177+10+50 Sites (detail)'!$B:$B,'[2]177+10+50 Sites (detail)'!$I:$I) | AJ98: =_xlfn.XLOOKUP(A98,[3]最小距离站点!$A:$A,[3]最小距离站点!$B:$B) | AK98: =_xlfn.XLOOKUP(A98,[3]最小距离站点!$A:$A,[3]最小距离站点!$C:$C) | AL98: pilot'
A99: GMTHI2 | B99: GMTHI2_GUL00_Thihariya2_Gm | C99: Huawei | D99: 无850 | F99: 7.13409 | G99: 80.0798 | H99: GMTHI2-M-L21-B2 | K99: S2 | L99: 4G | M99: 2100 | N99: AQU4518R9v06 | O99: 70 | P99: 160 | R99: 0 | Y99: =_xlfn.XLOOKUP(H99,'[1]4G Parameters'!$G:$G,'[1]4G Parameters'!$AA:$AA) | Z99: 6T6R | AA99: 4T4R | AB99: R9264H M901821*3 | AC99: A9652 S35*3+R9264H M901821*3+R9254E S8500*2+FL8590A*3 | AD99: AQU4518R9v06 | AE99: 70 | AF99: 160 | AH99: 0 | AI99: =_xlfn.XLOOKUP(A99,'[2]177+10+50 Sites (detail)'!$B:$B,'[2]177+10+50 Sites (detail)'!$I:$I) | AJ99: =_xlfn.XLOOKUP(A99,[3]最小距离站点!$A:$A,[3]最小距离站点!$B:$B) | AK99: =_xlfn.XLOOKUP(A99,[3]最小距离站点!$A:$A,[3]最小距离站点!$C:$C) | AL99: pilot'
A100: GMTHI2 | B100: GMTHI2_GUL00_Thihariya2_Gm | C100: Huawei | D100: 无850 | F100: 7.13409 | G100: 80.0798 | H100: GMTHI2H | K100: S2 | L100: 4G | M100: 1800 | N100: AQU4518R9v06 | O100: 70 | P100: 160 | R100: 0 | Y100: =_xlfn.XLOOKUP(H100,'[1]4G Parameters'!$G:$G,'[1]4G Parameters'!$AA:$AA) | Z100: 6T6R | AA100: 4T4R | AB100: R9264H M901821*3 | AC100: A9652 S35*3+R9264H M901821*3+R9254E S8500*2+FL8590A*3 | AD100: AQU4518R9v06 | AE100: 70 | AF100: 160 | AH100: 0 | AI100: =_xlfn.XLOOKUP(A100,'[2]177+10+50 Sites (detail)'!$B:$B,'[2]177+10+50 Sites (detail)'!$I:$I) | AJ100: =_xlfn.XLOOKUP(A100,[3]最小距离站点!$A:$A,[3]最小距离站点!$B:$B) | AK100: =_xlfn.XLOOKUP(A100,[3]最小距离站点!$A:$A,[3]最小距离站点!$C:$C) | AL100: pilot'
...

Sheet 2G
A1: Cell Name | B1: Site Name | C1: Sector ID | D1: RRU Type | E1: TX/RX mode | F1: Band | G1: NE Name | H1: BTS Name | I1: Site ID | J1: CI | K1: BSC Name | L1: BSC ID | M1: MCC | N1: MNC | O1: NCC | P1: BCC | Q1: BSIC | R1: BCCH | S1: LAC | T1: RAC | U1: Band | V1: Total TRX | W1: TRX Power(W) | X1: Hop Type | Y1: HSN | Z1: TCH/MAList | AA1: MAIO
A2: 01208171_IC_Pisco | B2: =_xlfn.XLOOKUP(A2,'RF Parameter'!I:I,'RF Parameter'!A:A) | C2: =_xlfn.XLOOKUP(A2,'RF Parameter'!I:I,'RF Parameter'!K:K) | D2: =_xlfn.XLOOKUP(A2,'RF Parameter'!I:I,'RF Parameter'!AB:AB) | E2: =_xlfn.XLOOKUP(A2,'RF Parameter'!I:I,'RF Parameter'!AA:AA) | F2: =_xlfn.XLOOKUP(A2,'RF Parameter'!I:I,'RF Parameter'!M:M) | G2: =_xlfn.XLOOKUP(A2,'RF Parameter'!I:I,'RF Parameter'!B:B) | H2: 0120817_IC_Pisco | I2: 817 | J2: 8171 | M2: 716 | N2: 17 | O2: 5 | P2: 1 | Q2: =O2&P2 | R2: 731 | S2: 25652 | T2: 98 | U2: G1900 | V2: 1 | W2: 20 | X2: NO_FH | Y2: - | Z2: - | AA2: -
A3: 01208172_IC_Pisco | B3: =_xlfn.XLOOKUP(A3,'RF Parameter'!I:I,'RF Parameter'!A:A) | C3: =_xlfn.XLOOKUP(A3,'RF Parameter'!I:I,'RF Parameter'!K:K) | D3: =_xlfn.XLOOKUP(A3,'RF Parameter'!I:I,'RF Parameter'!AB:AB) | E3: =_xlfn.XLOOKUP(A3,'RF Parameter'!I:I,'RF Parameter'!AA:AA) | F3: =_xlfn.XLOOKUP(A3,'RF Parameter'!I:I,'RF Parameter'!M:M) | G3: =_xlfn.XLOOKUP(A3,'RF Parameter'!I:I,'RF Parameter'!B:B) | H3: 0120817_IC_Pisco | I3: 817 | J3: 8172 | M3: 716 | N3: 17 | O3: 0 | P3: 3 | Q3: =O3&P3 | R3: 735 | S3: 25652 | T3: 98 | U3: G1900 | V3: 1 | W3: 15 | X3: NO_FH | Y3: - | Z3: - | AA3: -
A4: 01208173_IC_Pisco | B4: =_xlfn.XLOOKUP(A4,'RF Parameter'!I:I,'RF Parameter'!A:A) | C4: =_xlfn.XLOOKUP(A4,'RF Parameter'!I:I,'RF Parameter'!K:K) | D4: =_xlfn.XLOOKUP(A4,'RF Parameter'!I:I,'RF Parameter'!AB:AB) | E4: =_xlfn.XLOOKUP(A4,'RF Parameter'!I:I,'RF Parameter'!AA:AA) | F4: =_xlfn.XLOOKUP(A4,'RF Parameter'!I:I,'RF Parameter'!M:M) | G4: =_xlfn.XLOOKUP(A4,'RF Parameter'!I:I,'RF Parameter'!B:B) | H4: 0120817_IC_Pisco | I4: 817 | J4: 8173 | M4: 716 | N4: 17 | O4: 6 | P4: 0 | Q4: =O4&P4 | R4: 587 | S4: 25652 | T4: 98 | U4: G1900 | V4: 1 | W4: 20 | X4: NO_FH | Y4: - | Z4: - | AA4: -
A5: 01222541_IC_Garzas_Mir_1900 | B5: =_xlfn.XLOOKUP(A5,'RF Parameter'!I:I,'RF Parameter'!A:A) | C5: =_xlfn.XLOOKUP(A5,'RF Parameter'!I:I,'RF Parameter'!K:K) | D5: =_xlfn.XLOOKUP(A5,'RF Parameter'!I:I,'RF Parameter'!AB:AB) | E5: =_xlfn.XLOOKUP(A5,'RF Parameter'!I:I,'RF Parameter'!AA:AA) | F5: =_xlfn.XLOOKUP(A5,'RF Parameter'!I:I,'RF Parameter'!M:M) | G5: =_xlfn.XLOOKUP(A5,'RF Parameter'!I:I,'RF Parameter'!B:B) | H5: 0122254_IC_Garzas_Mir_1900 | I5: 2254 | J5: 22541 | M5: 716 | N5: 17 | O5: 5 | P5: 2 | Q5: =O5&P5 | R5: 732 | S5: 25652 | T5: 98 | U5: G1900 | V5: 1 | W5: 20 | X5: NO_FH | Y5: - | Z5: - | AA5: -
A6: 01222542_IC_Garzas_Mir_1900 | B6: =_xlfn.XLOOKUP(A6,'RF Parameter'!I:I,'RF Parameter'!A:A) | C6: =_xlfn.XLOOKUP(A6,'RF Parameter'!I:I,'RF Parameter'!K:K) | D6: =_xlfn.XLOOKUP(A6,'RF Parameter'!I:I,'RF Parameter'!AB:AB) | E6: =_xlfn.XLOOKUP(A6,'RF Parameter'!I:I,'RF Parameter'!AA:AA) | F6: =_xlfn.XLOOKUP(A6,'RF Parameter'!I:I,'RF Parameter'!M:M) | G6: =_xlfn.XLOOKUP(A6,'RF Parameter'!I:I,'RF Parameter'!B:B) | H6: 0122254_IC_Garzas_Mir_1900 | I6: 2254 | J6: 22542 | M6: 716 | N6: 17 | O6: 4 | P6: 7 | Q6: =O6&P6 | R6: 679 | S6: 25652 | T6: 98 | U6: G1900 | V6: 1 | W6: 20 | X6: NO_FH | Y6: - | Z6: - | AA6: -
A7: 01222543_IC_Garzas_Mir_1900 | B7: =_xlfn.XLOOKUP(A7,'RF Parameter'!I:I,'RF Parameter'!A:A) | C7: =_xlfn.XLOOKUP(A7,'RF Parameter'!I:I,'RF Parameter'!K:K) | D7: =_xlfn.XLOOKUP(A7,'RF Parameter'!I:I,'RF Parameter'!AB:AB) | E7: =_xlfn.XLOOKUP(A7,'RF Parameter'!I:I,'RF Parameter'!AA:AA) | F7: =_xlfn.XLOOKUP(A7,'RF Parameter'!I:I,'RF Parameter'!M:M) | G7: =_xlfn.XLOOKUP(A7,'RF Parameter'!I:I,'RF Parameter'!B:B) | H7: 0122254_IC_Garzas_Mir_1900 | I7: 2254 | J7: 22543 | M7: 716 | N7: 17 | O7: 2 | P7: 3 | Q7: =O7&P7 | R7: 675 | S7: 25652 | T7: 98 | U7: G1900 | V7: 1 | W7: 20 | X7: NO_FH | Y7: - | Z7: - | AA7: -
A8: 01222471_IC_San_Clemente | B8: =_xlfn.XLOOKUP(A8,'RF Parameter'!I:I,'RF Parameter'!A:A) | C8: =_xlfn.XLOOKUP(A8,'RF Parameter'!I:I,'RF Parameter'!K:K) | D8: =_xlfn.XLOOKUP(A8,'RF Parameter'!I:I,'RF Parameter'!AB:AB) | E8: =_xlfn.XLOOKUP(A8,'RF Parameter'!I:I,'RF Parameter'!AA:AA) | F8: =_xlfn.XLOOKUP(A8,'RF Parameter'!I:I,'RF Parameter'!M:M) | G8: =_xlfn.XLOOKUP(A8,'RF Parameter'!I:I,'RF Parameter'!B:B) | H8: 0122247_IC_San_Clemente | I8: 2247 | J8: 22471 | M8: 716 | N8: 17 | O8: 6 | P8: 5 | Q8: =O8&P8 | R8: 677 | S8: 25652 | T8: 98 | U8: G1900 | V8: 1 | W8: 15 | X8: NO_FH | Y8: - | Z8: - | AA8: -
A9: 01222472_IC_San_Clemente | B9: =_xlfn.XLOOKUP(A9,'RF Parameter'!I:I,'RF Parameter'!A:A) | C9: =_xlfn.XLOOKUP(A9,'RF Parameter'!I:I,'RF Parameter'!K:K) | D9: =_xlfn.XLOOKUP(A9,'RF Parameter'!I:I,'RF Parameter'!AB:AB) | E9: =_xlfn.XLOOKUP(A9,'RF Parameter'!I:I,'RF Parameter'!AA:AA) | F9: =_xlfn.XLOOKUP(A9,'RF Parameter'!I:I,'RF Parameter'!M:M) | G9: =_xlfn.XLOOKUP(A9,'RF Parameter'!I:I,'RF Parameter'!B:B) | H9: 0122247_IC_San_Clemente | I9: 2247 | J9: 22472 | M9: 716 | N9: 17 | O9: 5 | P9: 3 | Q9: =O9&P9 | R9: 734 | S9: 25652 | T9: 98 | U9: G1900 | V9: 1 | W9: 15 | X9: NO_FH | Y9: - | Z9: - | AA9: -
A10: 01222473_IC_San_Clemente | B10: =_xlfn.XLOOKUP(A10,'RF Parameter'!I:I,'RF Parameter'!A:A) | C10: =_xlfn.XLOOKUP(A10,'RF Parameter'!I:I,'RF Parameter'!K:K) | D10: =_xlfn.XLOOKUP(A10,'RF Parameter'!I:I,'RF Parameter'!AB:AB) | E10: =_xlfn.XLOOKUP(A10,'RF Parameter'!I:I,'RF Parameter'!AA:AA) | F10: =_xlfn.XLOOKUP(A10,'RF Parameter'!I:I,'RF Parameter'!M:M) | G10: =_xlfn.XLOOKUP(A10,'RF Parameter'!I:I,'RF Parameter'!B:B) | H10: 0122247_IC_San_Clemente | I10: 2247 | J10: 22473 | M10: 716 | N10: 17 | O10: 0 | P10: 6 | Q10: =O10&P10 | R10: 674 | S10: 25652 | T10: 98 | U10: G1900 | V10: 1 | W10: 15 | X10: NO_FH | Y10: - | Z10: - | AA10: -
A11: 01246821_IC_Clemente_Bajo | B11: =_xlfn.XLOOKUP(A11,'RF Parameter'!I:I,'RF Parameter'!A:A) | C11: =_xlfn.XLOOKUP(A11,'RF Parameter'!I:I,'RF Parameter'!K:K) | D11: =_xlfn.XLOOKUP(A11,'RF Parameter'!I:I,'RF Parameter'!AB:AB) | E11: =_xlfn.XLOOKUP(A11,'RF Parameter'!I:I,'RF Parameter'!AA:AA) | F11: =_xlfn.XLOOKUP(A11,'RF Parameter'!I:I,'RF Parameter'!M:M) | G11: =_xlfn.XLOOKUP(A11,'RF Parameter'!I:I,'RF Parameter'!B:B) | H11: 0124682_IC_Clemente_Bajo | I11: 4682 | J11: 46821 | M11: 716 | N11: 17 | O11: 6 | P11: 4 | Q11: =O11&P11 | R11: 733 | S11: 25652 | T11: 98 | U11: G1900 | V11: 1 | W11: 15 | X11: NO_FH | Y11: - | Z11: - | AA11: -
A12: 01246822_IC_Clemente_Bajo | B12: =_xlfn.XLOOKUP(A12,'RF Parameter'!I:I,'RF Parameter'!A:A) | C12: =_xlfn.XLOOKUP(A12,'RF Parameter'!I:I,'RF Parameter'!K:K) | D12: =_xlfn.XLOOKUP(A12,'RF Parameter'!I:I,'RF Parameter'!AB:AB) | E12: =_xlfn.XLOOKUP(A12,'RF Parameter'!I:I,'RF Parameter'!AA:AA) | F12: =_xlfn.XLOOKUP(A12,'RF Parameter'!I:I,'RF Parameter'!M:M) | G12: =_xlfn.XLOOKUP(A12,'RF Parameter'!I:I,'RF Parameter'!B:B) | H12: 0124682_IC_Clemente_Bajo | I12: 4682 | J12: 46822 | M12: 716 | N12: 17 | O12: 7 | P12: 0 | Q12: =O12&P12 | R12: 679 | S12: 25652 | T12: 98 | U12: G1900 | V12: 1 | W12: 15 | X12: NO_FH | Y12: - | Z12: - | AA12: -
A13: 01246823_IC_Clemente_Bajo | B13: =_xlfn.XLOOKUP(A13,'RF Parameter'!I:I,'RF Parameter'!A:A) | C13: =_xlfn.XLOOKUP(A13,'RF Parameter'!I:I,'RF Parameter'!K:K) | D13: =_xlfn.XLOOKUP(A13,'RF Parameter'!I:I,'RF Parameter'!AB:AB) | E13: =_xlfn.XLOOKUP(A13,'RF Parameter'!I:I,'RF Parameter'!AA:AA) | F13: =_xlfn.XLOOKUP(A13,'RF Parameter'!I:I,'RF Parameter'!M:M) | G13: =_xlfn.XLOOKUP(A13,'RF Parameter'!I:I,'RF Parameter'!B:B) | H13: 0124682_IC_Clemente_Bajo | I13: 4682 | J13: 46823 | M13: 716 | N13: 17 | O13: 2 | P13: 6 | Q13: =O13&P13 | R13: 735 | S13: 25652 | T13: 98 | U13: G1900 | V13: 1 | W13: 15 | X13: NO_FH | Y13: - | Z13: - | AA13: -
... A16: 01246913_IC_Villa_Amaru | B16: =_xlfn.XLOOKUP(A16,'RF Parameter'!I:I,'RF Parameter'!A:A) | C16: =_xlfn.XLOOKUP(A16,'RF Parameter'!I:I,'RF Parameter'!K:K) | D16: =_xlfn.XLOOKUP(A16,'RF Parameter'!I:I,'RF Parameter'!AB:AB) | E16: =_xlfn.XLOOKUP(A16,'RF Parameter'!I:I,'RF Parameter'!AA:AA) | F16: =_xlfn.XLOOKUP(A16,'RF Parameter'!I:I,'RF Parameter'!M:M) | G16: =_xlfn.XLOOKUP(A16,'RF Parameter'!I:I,'RF Parameter'!B:B) | H16: 0124691_IC_Villa_Amaru | I16: 4691 | J16: 46913 | M16: 716 | N16: 17 | O16: 0 | P16: 3 | Q16: =O16&P16 | R16: 675 | S16: 25652 | T16: 98 | U16: G1900 | V16: 1 | W16: 15 | X16: NO_FH | Y16: - | Z16: - | AA16: -

Sheet 3G
A1: Cell Name | B1: Site Name | C1: Sector ID | D1: RRU Type | E1: TX/RX mode | F1: Band | G1: NE Name | H1: NodeB Name | I1: RNC Name | J1: RNC ID | K1: Nodeb ID | L1: CI | M1: MORAN | N1: MCC | O1: MNC | P1: PSC | Q1: LAC | R1: RAC | S1: URA | T1: SAC | U1: Cell Power(W) | V1: Cell Power(dBm) | W1: Pilot Power(dBm) | X1: DL Center Frequency | Y1: UL Center Frequency | Z1: DL UARFCN | AA1: UL UARFCN | AB1: Bandwidth
A2: 01308171_IC_Pisco | B2: =_xlfn.XLOOKUP(A2,'RF Parameter'!I:I,'RF Parameter'!A:A) | C2: =_xlfn.XLOOKUP(A2,'RF Parameter'!I:I,'RF Parameter'!K:K) | D2: =_xlfn.XLOOKUP(A2,'RF Parameter'!I:I,'RF Parameter'!AB:AB) | E2: =_xlfn.XLOOKUP(A2,'RF Parameter'!I:I,'RF Parameter'!AA:AA) | F2: =_xlfn.XLOOKUP(A2,'RF Parameter'!I:I,'RF Parameter'!M:M) | G2: =_xlfn.XLOOKUP(A2,'RF Parameter'!I:I,'RF Parameter'!B:B) | H2: =G2 | K2: 817 | L2: 8171 | M2: No | N2: 716 | O2: 17 | P2: 0 | Q2: 35652 | R2: 108 | S2: 106 | T2: 8171 | U2: 30 | V2: 44.7 | W2: 34.7 | X2: =Z2/5+1850.1 | Y2: =AA2/5+1850.1 | Z2: 487 | AA2: 87 | AB2: 5M
A3: 01308172_IC_Pisco | B3: =_xlfn.XLOOKUP(A3,'RF Parameter'!I:I,'RF Parameter'!A:A) | C3: =_xlfn.XLOOKUP(A3,'RF Parameter'!I:I,'RF Parameter'!K:K) | D3: =_xlfn.XLOOKUP(A3,'RF Parameter'!I:I,'RF Parameter'!AB:AB) | E3: =_xlfn.XLOOKUP(A3,'RF Parameter'!I:I,'RF Parameter'!AA:AA) | F3: =_xlfn.XLOOKUP(A3,'RF Parameter'!I:I,'RF Parameter'!M:M) | G3: =_xlfn.XLOOKUP(A3,'RF Parameter'!I:I,'RF Parameter'!B:B) | H3: =G3 | K3: 817 | L3: 8172 | M3: No | N3: 716 | O3: 17 | P3: 44 | Q3: 35652 | R3: 108 | S3: 106 | T3: 8172 | U3: 40 | V3: 46 | W3: 36 | X3: =Z3/5+1850.1 | Y3: =AA3/5+1850.1 | Z3: 487 | AA3: 87 | AB3: 5M
A4: 01308173_IC_Pisco | B4: =_xlfn.XLOOKUP(A4,'RF Parameter'!I:I,'RF Parameter'!A:A) | C4: =_xlfn.XLOOKUP(A4,'RF Parameter'!I:I,'RF Parameter'!K:K) | D4: =_xlfn.XLOOKUP(A4,'RF Parameter'!I:I,'RF Parameter'!AB:AB) | E4: =_xlfn.XLOOKUP(A4,'RF Parameter'!I:I,'RF Parameter'!AA:AA) | F4: =_xlfn.XLOOKUP(A4,'RF Parameter'!I:I,'RF Parameter'!M:M) | G4: =_xlfn.XLOOKUP(A4,'RF Parameter'!I:I,'RF Parameter'!B:B) | H4: =G4 | K4: 817 | L4: 8173 | M4: No | N4: 716 | O4: 17 | P4: 45 | Q4: 35652 | R4: 108 | S4: 106 | T4: 8173 | U4: 40 | V4: 46 | W4: 36 | X4: =Z4/5+1850.1 | Y4: =AA4/5+1850.1 | Z4: 487 | AA4: 87 | AB4: 5M
A5: 01322471_IC_San_Clemente | B5: =_xlfn.XLOOKUP(A5,'RF Parameter'!I:I,'RF Parameter'!A:A) | C5: =_xlfn.XLOOKUP(A5,'RF Parameter'!I:I,'RF Parameter'!K:K) | D5: =_xlfn.XLOOKUP(A5,'RF Parameter'!I:I,'RF Parameter'!AB:AB) | E5: =_xlfn.XLOOKUP(A5,'RF Parameter'!I:I,'RF Parameter'!AA:AA) | F5: =_xlfn.XLOOKUP(A5,'RF Parameter'!I:I,'RF Parameter'!M:M) | G5: =_xlfn.XLOOKUP(A5,'RF Parameter'!I:I,'RF Parameter'!B:B) | H5: =G5 | K5: 2247 | L5: 22471 | M5: No | N5: 716 | O5: 17 | P5: 360 | Q5: 35652 | R5: 108 | S5: 106 | T5: 22471 | U5: 30 | V5: 44.7 | W5: 36 | X5: =Z5/5+1850.1 | Y5: =AA5/5+1850.1 | Z5: 487 | AA5: 87 | AB5: 5M
A6: 01322472_IC_San_Clemente | B6: =_xlfn.XLOOKUP(A6,'RF Parameter'!I:I,'RF Parameter'!A:A) | C6: =_xlfn.XLOOKUP(A6,'RF Parameter'!I:I,'RF Parameter'!K:K) | D6: =_xlfn.XLOOKUP(A6,'RF Parameter'!I:I,'RF Parameter'!AB:AB) | E6: =_xlfn.XLOOKUP(A6,'RF Parameter'!I:I,'RF Parameter'!AA:AA) | F6: =_xlfn.XLOOKUP(A6,'RF Parameter'!I:I,'RF Parameter'!M:M) | G6: =_xlfn.XLOOKUP(A6,'RF Parameter'!I:I,'RF Parameter'!B:B) | H6: =G6 | K6: 2247 | L6: 22472 | M6: No | N6: 716 | O6: 17 | P6: 361 | Q6: 35652 | R6: 108 | S6: 106 | T6: 22472 | U6: 49 | V6: 46.9 | W6: 36 | X6: =Z6/5+1850.1 | Y6: =AA6/5+1850.1 | Z6: 487 | AA6: 87 | AB6: 5M
A7: 01322473_IC_San_Clemente | B7: =_xlfn.XLOOKUP(A7,'RF Parameter'!I:I,'RF Parameter'!A:A) | C7: =_xlfn.XLOOKUP(A7,'RF Parameter'!I:I,'RF Parameter'!K:K) | D7: =_xlfn.XLOOKUP(A7,'RF Parameter'!I:I,'RF Parameter'!AB:AB) | E7: =_xlfn.XLOOKUP(A7,'RF Parameter'!I:I,'RF Parameter'!AA:AA) | F7: =_xlfn.XLOOKUP(A7,'RF Parameter'!I:I,'RF Parameter'!M:M) | G7: =_xlfn.XLOOKUP(A7,'RF Parameter'!I:I,'RF Parameter'!B:B) | H7: =G7 | K7: 2247 | L7: 22473 | M7: No | N7: 716 | O7: 17 | P7: 362 | Q7: 35652 | R7: 108 | S7: 106 | T7: 22473 | U7: 49 | V7: 46.9 | W7: 34.7 | X7: =Z7/5+1850.1 | Y7: =AA7/5+1850.1 | Z7: 487 | AA7: 87 | AB7: 5M
A8: 01322541_IC_Garzas_Mir_1900 | B8: =_xlfn.XLOOKUP(A8,'RF Parameter'!I:I,'RF Parameter'!A:A) | C8: =_xlfn.XLOOKUP(A8,'RF Parameter'!I:I,'RF Parameter'!K:K) | D8: =_xlfn.XLOOKUP(A8,'RF Parameter'!I:I,'RF Parameter'!AB:AB) | E8: =_xlfn.XLOOKUP(A8,'RF Parameter'!I:I,'RF Parameter'!AA:AA) | F8: =_xlfn.XLOOKUP(A8,'RF Parameter'!I:I,'RF Parameter'!M:M) | G8: =_xlfn.XLOOKUP(A8,'RF Parameter'!I:I,'RF Parameter'!B:B) | H8: =G8 | K8: 2254 | L8: 22541 | M8: No | N8: 716 | O8: 17 | P8: 317 | Q8: 35652 | R8: 108 | S8: 106 | T8: 22541 | U8: 30 | V8: 44.7 | W8: 34.7 | X8: =Z8/5+1850.1 | Y8: =AA8/5+1850.1 | Z8: 487 | AA8: 87 | AB8: 5M
A9: 01322542_IC_Garzas_Mir_1900 | B9: =_xlfn.XLOOKUP(A9,'RF Parameter'!I:I,'RF Parameter'!A:A) | C9: =_xlfn.XLOOKUP(A9,'RF Parameter'!I:I,'RF Parameter'!K:K) | D9: =_xlfn.XLOOKUP(A9,'RF Parameter'!I:I,'RF Parameter'!AB:AB) | E9: =_xlfn.XLOOKUP(A9,'RF Parameter'!I:I,'RF Parameter'!AA:AA) | F9: =_xlfn.XLOOKUP(A9,'RF Parameter'!I:I,'RF Parameter'!M:M) | G9: =_xlfn.XLOOKUP(A9,'RF Parameter'!I:I,'RF Parameter'!B:B) | H9: =G9 | K9: 2254 | L9: 22542 | M9: No | N9: 716 | O9: 17 | P9: 318 | Q9: 35652 | R9: 108 | S9: 106 | T9: 22542 | U9: 30 | V9: 44.7 | W9: 34.7 | X9: =Z9/5+1850.1 | Y9: =AA9/5+1850.1 | Z9: 487 | AA9: 87 | AB9: 5M
A10: 01322543_IC_Garzas_Mir_1900 | B10: =_xlfn.XLOOKUP(A10,'RF Parameter'!I:I,'RF Parameter'!A:A) | C10: =_xlfn.XLOOKUP(A10,'RF Parameter'!I:I,'RF Parameter'!K:K) | D10: =_xlfn.XLOOKUP(A10,'RF Parameter'!I:I,'RF Parameter'!AB:AB) | E10: =_xlfn.XLOOKUP(A10,'RF Parameter'!I:I,'RF Parameter'!AA:AA) | F10: =_xlfn.XLOOKUP(A10,'RF Parameter'!I:I,'RF Parameter'!M:M) | G10: =_xlfn.XLOOKUP(A10,'RF Parameter'!I:I,'RF Parameter'!B:B) | H10: =G10 | K10: 2254 | L10: 22543 | M10: No | N10: 716 | O10: 17 | P10: 319 | Q10: 35652 | R10: 108 | S10: 106 | T10: 22543 | U10: 49 | V10: 46.9 | W10: 36.9 | X10: =Z10/5+1850.1 | Y10: =AA10/5+1850.1 | Z10: 487 | AA10: 87 | AB10: 5M
A11: 01346821_IC_Clemente_Bajo | B11: =_xlfn.XLOOKUP(A11,'RF Parameter'!I:I,'RF Parameter'!A:A) | C11: =_xlfn.XLOOKUP(A11,'RF Parameter'!I:I,'RF Parameter'!K:K) | D11: =_xlfn.XLOOKUP(A11,'RF Parameter'!I:I,'RF Parameter'!AB:AB) | E11: =_xlfn.XLOOKUP(A11,'RF Parameter'!I:I,'RF Parameter'!AA:AA) | F11: =_xlfn.XLOOKUP(A11,'RF Parameter'!I:I,'RF Parameter'!M:M) | G11: =_xlfn.XLOOKUP(A11,'RF Parameter'!I:I,'RF Parameter'!B:B) | H11: =G11 | K11: 4682 | L11: 46821 | M11: No | N11: 716 | O11: 17 | P11: 75 | Q11: 35652 | R11: 108 | S11: 106 | T11: 46821 | U11: 20 | V11: 43 | W11: 33 | X11: =Z11/5+1850.1 | Y11: =AA11/5+1850.1 | Z11: 487 | AA11: 87 | AB11: 5M
A12: 01346822_IC_Clemente_Bajo | B12: =_xlfn.XLOOKUP(A12,'RF Parameter'!I:I,'RF Parameter'!A:A) | C12: =_xlfn.XLOOKUP(A12,'RF Parameter'!I:I,'RF Parameter'!K:K) | D12: =_xlfn.XLOOKUP(A12,'RF Parameter'!I:I,'RF Parameter'!AB:AB) | E12: =_xlfn.XLOOKUP(A12,'RF Parameter'!I:I,'RF Parameter'!AA:AA) | F12: =_xlfn.XLOOKUP(A12,'RF Parameter'!I:I,'RF Parameter'!M:M) | G12: =_xlfn.XLOOKUP(A12,'RF Parameter'!I:I,'RF Parameter'!B:B) | H12: =G12 | K12: 4682 | L12: 46822 | M12: No | N12: 716 | O12: 17 | P12: 76 | Q12: 35652 | R12: 108 | S12: 106 | T12: 46822 | U12: 20 | V12: 43 | W12: 33 | X12: =Z12/5+1850.1 | Y12: =AA12/5+1850.1 | Z12: 487 | AA12: 87 | AB12: 5M
A13: 01346823_IC_Clemente_Bajo | B13: =_xlfn.XLOOKUP(A13,'RF Parameter'!I:I,'RF Parameter'!A:A) | C13: =_xlfn.XLOOKUP(A13,'RF Parameter'!I:I,'RF Parameter'!K:K) | D13: =_xlfn.XLOOKUP(A13,'RF Parameter'!I:I,'RF Parameter'!AB:AB) | E13: =_xlfn.XLOOKUP(A13,'RF Parameter'!I:I,'RF Parameter'!AA:AA) | F13: =_xlfn.XLOOKUP(A13,'RF Parameter'!I:I,'RF Parameter'!M:M) | G13: =_xlfn.XLOOKUP(A13,'RF Parameter'!I:I,'RF Parameter'!B:B) | H13: =G13 | K13: 4682 | L13: 46823 | M13: No | N13: 716 | O13: 17 | P13: 77 | Q13: 35652 | R13: 108 | S13: 106 | T13: 46823 | U13: 20 | V13: 43 | W13: 33 | X13: =Z13/5+1850.1 | Y13: =AA13/5+1850.1 | Z13: 487 | AA13: 87 | AB13: 5M
... A16: 01346913_IC_Villa_Amaru | B16: =_xlfn.XLOOKUP(A16,'RF Parameter'!I:I,'RF Parameter'!A:A) | C16: =_xlfn.XLOOKUP(A16,'RF Parameter'!I:I,'RF Parameter'!K:K) | D16: =_xlfn.XLOOKUP(A16,'RF Parameter'!I:I,'RF Parameter'!AB:AB) | E16: =_xlfn.XLOOKUP(A16,'RF Parameter'!I:I,'RF Parameter'!AA:AA) | F16: =_xlfn.XLOOKUP(A16,'RF Parameter'!I:I,'RF Parameter'!M:M) | G16: =_xlfn.XLOOKUP(A16,'RF Parameter'!I:I,'RF Parameter'!B:B) | H16: =G16 | K16: 4691 | L16: 46913 | M16: No | N16: 716 | O16: 17 | P16: 53 | Q16: 35652 | R16: 108 | S16: 106 | T16: 46913 | U16: 20 | V16: 43 | W16: 33 | X16: =Z16/5+1850.1 | Y16: =AA16/5+1850.1 | Z16: 487 | AA16: 87 | AB16: 5M

Sheet 4G
A1: Cell Name | B1: Site Name | C1: FMM | D1: Sector ID | E1: RRU Type | F1: TX/RX mode | G1: NE Name | H1: Band | I1: CrsPortNum | J1: eNodeB Name | K1: MORAN | L1: MCC | M1: MNC | N1: eNodeB ID | O1: CI | P1: Bandwidth(Mhz) | Q1: PCI | R1: TAC | S1: TAL | T1: DL Center Frequency | U1: UL Center Frequency | V1: DL UARFCN | W1: UL UARFCN | X1: RS Power(dBm) | Y1: TX Power/Port(W) | Z1: Pa | AA1: Pb | AB1: Cell Totally Power(W) | AC1: Uplink-Downlink Subframe Configuration | AD1: Special Subframe Configuration | AE1: PreambleFmt | AF1: Ncs | AG1: PrachConfIndex | AH1: RSI
A2: 01708171_IC_Pisco | B2: =_xlfn.XLOOKUP(A2,'RF Parameter'!I:I,'RF Parameter'!A:A) | C2: =_xlfn.XLOOKUP(A2,'RF Parameter'!I:I,'RF Parameter'!E:E) | D2: =_xlfn.XLOOKUP(A2,'RF Parameter'!I:I,'RF Parameter'!K:K) | E2: =_xlfn.XLOOKUP(A2,'RF Parameter'!I:I,'RF Parameter'!AB:AB) | F2: =_xlfn.XLOOKUP(A2,'RF Parameter'!I:I,'RF Parameter'!AA:AA) | G2: =_xlfn.XLOOKUP(A2,'RF Parameter'!I:I,'RF Parameter'!B:B) | H2: =_xlfn.XLOOKUP(A2,'RF Parameter'!I:I,'RF Parameter'!M:M) | I2: 4 | J2: =G2 | K2: - | L2: 716 | M2: 17 | N2: 817 | O2: 71 | P2: 15M | Q2: 27 | R2: 903 | S2: 45652 | T2: 765.5 | U2: 710.5 | V2: 9285 | W2: 27285 | X2: 14.2 | Y2: =ROUNDUP((10^((X2+Z2)/10)/1000)*LEFT(P2,2)*5*12,0) | Z2: 0 | AA2: 0 | AB2: =Y2*I2 | AC2: - | AD2: - | AE2: 0 | AF2: 10 | AG2: 3 | AH2: 184
A3: 01708172_IC_Pisco | B3: =_xlfn.XLOOKUP(A3,'RF Parameter'!I:I,'RF Parameter'!A:A) | C3: =_xlfn.XLOOKUP(A3,'RF Parameter'!I:I,'RF Parameter'!E:E) | D3: =_xlfn.XLOOKUP(A3,'RF Parameter'!I:I,'RF Parameter'!K:K) | E3: =_xlfn.XLOOKUP(A3,'RF Parameter'!I:I,'RF Parameter'!AB:AB) | F3: =_xlfn.XLOOKUP(A3,'RF Parameter'!I:I,'RF Parameter'!AA:AA) | G3: =_xlfn.XLOOKUP(A3,'RF Parameter'!I:I,'RF Parameter'!B:B) | H3: =_xlfn.XLOOKUP(A3,'RF Parameter'!I:I,'RF Parameter'!M:M) | I3: 4 | J3: =G3 | K3: - | L3: 716 | M3: 17 | N3: 817 | O3: 72 | P3: 15M | Q3: 28 | R3: 903 | S3: 45652 | T3: 765.5 | U3: 710.5 | V3: 9285 | W3: 27285 | X3: 12.2 | Y3: =ROUNDUP((10^((X3+Z3)/10)/1000)*LEFT(P3,2)*5*12,0) | Z3: 3 | AA3: 0 | AB3: =Y3*I3 | AC3: - | AD3: - | AE3: 0 | AF3: 10 | AG3: 3 | AH3: 208
A4: 01708173_IC_Pisco | B4: =_xlfn.XLOOKUP(A4,'RF Parameter'!I:I,'RF Parameter'!A:A) | C4: =_xlfn.XLOOKUP(A4,'RF Parameter'!I:I,'RF Parameter'!E:E) | D4: =_xlfn.XLOOKUP(A4,'RF Parameter'!I:I,'RF Parameter'!K:K) | E4: =_xlfn.XLOOKUP(A4,'RF Parameter'!I:I,'RF Parameter'!AB:AB) | F4: =_xlfn.XLOOKUP(A4,'RF Parameter'!I:I,'RF Parameter'!AA:AA) | G4: =_xlfn.XLOOKUP(A4,'RF Parameter'!I:I,'RF Parameter'!B:B) | H4: =_xlfn.XLOOKUP(A4,'RF Parameter'!I:I,'RF Parameter'!M:M) | I4: 4 | J4: =G4 | K4: - | L4: 716 | M4: 17 | N4: 817 | O4: 73 | P4: 15M | Q4: 29 | R4: 903 | S4: 45652 | T4: 765.5 | U4: 710.5 | V4: 9285 | W4: 27285 | X4: 12.2 | Y4: =ROUNDUP((10^((X4+Z4)/10)/1000)*LEFT(P4,2)*5*12,0) | Z4: 3 | AA4: 0 | AB4: =Y4*I4 | AC4: - | AD4: - | AE4: 0 | AF4: 10 | AG4: 3 | AH4: 216
A5: 01408171_IC_Pisco | B5: =_xlfn.XLOOKUP(A5,'RF Parameter'!I:I,'RF Parameter'!A:A) | C5: =_xlfn.XLOOKUP(A5,'RF Parameter'!I:I,'RF Parameter'!E:E) | D5: =_xlfn.XLOOKUP(A5,'RF Parameter'!I:I,'RF Parameter'!K:K) | E5: =_xlfn.XLOOKUP(A5,'RF Parameter'!I:I,'RF Parameter'!AB:AB) | F5: =_xlfn.XLOOKUP(A5,'RF Parameter'!I:I,'RF Parameter'!AA:AA) | G5: =_xlfn.XLOOKUP(A5,'RF Parameter'!I:I,'RF Parameter'!B:B) | H5: =_xlfn.XLOOKUP(A5,'RF Parameter'!I:I,'RF Parameter'!M:M) | I5: 4 | J5: =G5 | K5: - | L5: 716 | M5: 17 | N5: 817 | O5: 1 | P5: 20M | Q5: 384 | R5: 903 | S5: 45652 | T5: 2140 | U5: 1740 | V5: 2250 | W5: 20250 | X5: 18 | Y5: =ROUNDUP((10^((X5+Z5)/10)/1000)*LEFT(P5,2)*5*12,0) | Z5: -3 | AA5: 1 | AB5: =Y5*I5 | AC5: - | AD5: - | AE5: 0 | AF5: 10 | AG5: 3 | AH5: 520
A6: 01408172_IC_Pisco | B6: =_xlfn.XLOOKUP(A6,'RF Parameter'!I:I,'RF Parameter'!A:A) | C6: =_xlfn.XLOOKUP(A6,'RF Parameter'!I:I,'RF Parameter'!E:E) | D6: =_xlfn.XLOOKUP(A6,'RF Parameter'!I:I,'RF Parameter'!K:K) | E6: =_xlfn.XLOOKUP(A6,'RF Parameter'!I:I,'RF Parameter'!AB:AB) | F6: =_xlfn.XLOOKUP(A6,'RF Parameter'!I:I,'RF Parameter'!AA:AA) | G6: =_xlfn.XLOOKUP(A6,'RF Parameter'!I:I,'RF Parameter'!B:B) | H6: =_xlfn.XLOOKUP(A6,'RF Parameter'!I:I,'RF Parameter'!M:M) | I6: 4 | J6: =G6 | K6: - | L6: 716 | M6: 17 | N6: 817 | O6: 2 | P6: 20M | Q6: 385 | R6: 903 | S6: 45652 | T6: 2140 | U6: 1740 | V6: 2250 | W6: 20250 | X6: 15.2 | Y6: =ROUNDUP((10^((X6+Z6)/10)/1000)*LEFT(P6,2)*5*12,0) | Z6: -3 | AA6: 1 | AB6: =Y6*I6 | AC6: - | AD6: - | AE6: 0 | AF6: 10 | AG6: 3 | AH6: 16
A7: 01408177_IC_Pisco | B7: =_xlfn.XLOOKUP(A7,'RF Parameter'!I:I,'RF Parameter'!A:A) | C7: =_xlfn.XLOOKUP(A7,'RF Parameter'!I:I,'RF Parameter'!E:E) | D7: =_xlfn.XLOOKUP(A7,'RF Parameter'!I:I,'RF Parameter'!K:K) | E7: =_xlfn.XLOOKUP(A7,'RF Parameter'!I:I,'RF Parameter'!AB:AB) | F7: =_xlfn.XLOOKUP(A7,'RF Parameter'!I:I,'RF Parameter'!AA:AA) | G7: =_xlfn.XLOOKUP(A7,'RF Parameter'!I:I,'RF Parameter'!B:B) | H7: =_xlfn.XLOOKUP(A7,'RF Parameter'!I:I,'RF Parameter'!M:M) | I7: 4 | J7: =G7 | K7: - | L7: 716 | M7: 17 | N7: 817 | O7: 7 | P7: 20M | Q7: 60 | R7: 903 | S7: 45652 | T7: 2140 | U7: 1740 | V7: 2250 | W7: 20250 | X7: 15.2 | Y7: =ROUNDUP((10^((X7+Z7)/10)/1000)*LEFT(P7,2)*5*12,0) | Z7: -3 | AA7: 1 | AB7: =Y7*I7 | AC7: - | AD7: - | AE7: 0 | AF7: 10 | AG7: 3 | AH7: 152
A8: 01408173_IC_Pisco | B8: =_xlfn.XLOOKUP(A8,'RF Parameter'!I:I,'RF Parameter'!A:A) | C8: =_xlfn.XLOOKUP(A8,'RF Parameter'!I:I,'RF Parameter'!E:E) | D8: =_xlfn.XLOOKUP(A8,'RF Parameter'!I:I,'RF Parameter'!K:K) | E8: =_xlfn.XLOOKUP(A8,'RF Parameter'!I:I,'RF Parameter'!AB:AB) | F8: =_xlfn.XLOOKUP(A8,'RF Parameter'!I:I,'RF Parameter'!AA:AA) | G8: =_xlfn.XLOOKUP(A8,'RF Parameter'!I:I,'RF Parameter'!B:B) | H8: =_xlfn.XLOOKUP(A8,'RF Parameter'!I:I,'RF Parameter'!M:M) | I8: 4 | J8: =G8 | K8: - | L8: 716 | M8: 17 | N8: 817 | O8: 3 | P8: 20M | Q8: 386 | R8: 903 | S8: 45652 | T8: 2140 | U8: 1740 | V8: 2250 | W8: 20250 | X8: 17 | Y8: =ROUNDUP((10^((X8+Z8)/10)/1000)*LEFT(P8,2)*5*12,0) | Z8: -3 | AA8: 1 | AB8: =Y8*I8 | AC8: - | AD8: - | AE8: 0 | AF8: 10 | AG8: 3 | AH8: 456
A9: 09408171_IC_Pisco | B9: =_xlfn.XLOOKUP(A9,'RF Parameter'!I:I,'RF Parameter'!A:A) | C9: =_xlfn.XLOOKUP(A9,'RF Parameter'!I:I,'RF Parameter'!E:E) | D9: =_xlfn.XLOOKUP(A9,'RF Parameter'!I:I,'RF Parameter'!K:K) | E9: =_xlfn.XLOOKUP(A9,'RF Parameter'!I:I,'RF Parameter'!AB:AB) | F9: =_xlfn.XLOOKUP(A9,'RF Parameter'!I:I,'RF Parameter'!AA:AA) | G9: =_xlfn.XLOOKUP(A9,'RF Parameter'!I:I,'RF Parameter'!B:B) | H9: =_xlfn.XLOOKUP(A9,'RF Parameter'!I:I,'RF Parameter'!M:M) | I9: 4 | J9: =G9 | K9: - | L9: 716 | M9: 17 | N9: 817 | O9: 191 | P9: 10M | Q9: 384 | R9: 903 | S9: 45652 | T9: 1968.8 | U9: 1888.8 | V9: 988 | W9: 18988 | X9: 16 | Y9: =ROUNDUP((10^((X9+Z9)/10)/1000)*LEFT(P9,2)*5*12,0) | Z9: -3 | AA9: 1 | AB9: =Y9*I9 | AC9: - | AD9: - | AE9: 0 | AF9: 10 | AG9: 3 | AH9: 520
A10: 09408172_IC_Pisco | B10: =_xlfn.XLOOKUP(A10,'RF Parameter'!I:I,'RF Parameter'!A:A) | C10: =_xlfn.XLOOKUP(A10,'RF Parameter'!I:I,'RF Parameter'!E:E) | D10: =_xlfn.XLOOKUP(A10,'RF Parameter'!I:I,'RF Parameter'!K:K) | E10: =_xlfn.XLOOKUP(A10,'RF Parameter'!I:I,'RF Parameter'!AB:AB) | F10: =_xlfn.XLOOKUP(A10,'RF Parameter'!I:I,'RF Parameter'!AA:AA) | G10: =_xlfn.XLOOKUP(A10,'RF Parameter'!I:I,'RF Parameter'!B:B) | H10: =_xlfn.XLOOKUP(A10,'RF Parameter'!I:I,'RF Parameter'!M:M) | I10: 4 | J10: =G10 | K10: - | L10: 716 | M10: 17 | N10: 817 | O10: 192 | P10: 10M | Q10: 385 | R10: 903 | S10: 45652 | T10: 1968.8 | U10: 1888.8 | V10: 988 | W10: 18988 | X10: 10.2 | Y10: =ROUNDUP((10^((X10+Z10)/10)/1000)*LEFT(P10,2)*5*12,0) | Z10: 0 | AA10: 1 | AB10: =Y10*I10 | AC10: - | AD10: - | AE10: 0 | AF10: 10 | AG10: 3 | AH10: 16
A11: 09408177_IC_Pisco | B11: =_xlfn.XLOOKUP(A11,'RF Parameter'!I:I,'RF Parameter'!A:A) | C11: =_xlfn.XLOOKUP(A11,'RF Parameter'!I:I,'RF Parameter'!E:E) | D11: =_xlfn.XLOOKUP(A11,'RF Parameter'!I:I,'RF Parameter'!K:K) | E11: =_xlfn.XLOOKUP(A11,'RF Parameter'!I:I,'RF Parameter'!AB:AB) | F11: =_xlfn.XLOOKUP(A11,'RF Parameter'!I:I,'RF Parameter'!AA:AA) | G11: =_xlfn.XLOOKUP(A11,'RF Parameter'!I:I,'RF Parameter'!B:B) | H11: =_xlfn.XLOOKUP(A11,'RF Parameter'!I:I,'RF Parameter'!M:M) | I11: 4 | J11: =G11 | K11: - | L11: 716 | M11: 17 | N11: 817 | O11: 197 | P11: 10M | Q11: 60 | R11: 903 | S11: 45652 | T11: 1968.8 | U11: 1888.8 | V11: 988 | W11: 18988 | X11: 10.2 | Y11: =ROUNDUP((10^((X11+Z11)/10)/1000)*LEFT(P11,2)*5*12,0) | Z11: -3 | AA11: 1 | AB11: =Y11*I11 | AC11: - | AD11: - | AE11: 0 | AF11: 10 | AG11: 3 | AH11: 152
A12: 09408173_IC_Pisco | B12: =_xlfn.XLOOKUP(A12,'RF Parameter'!I:I,'RF Parameter'!A:A) | C12: =_xlfn.XLOOKUP(A12,'RF Parameter'!I:I,'RF Parameter'!E:E) | D12: =_xlfn.XLOOKUP(A12,'RF Parameter'!I:I,'RF Parameter'!K:K) | E12: =_xlfn.XLOOKUP(A12,'RF Parameter'!I:I,'RF Parameter'!AB:AB) | F12: =_xlfn.XLOOKUP(A12,'RF Parameter'!I:I,'RF Parameter'!AA:AA) | G12: =_xlfn.XLOOKUP(A12,'RF Parameter'!I:I,'RF Parameter'!B:B) | H12: =_xlfn.XLOOKUP(A12,'RF Parameter'!I:I,'RF Parameter'!M:M) | I12: 4 | J12: =G12 | K12: - | L12: 716 | M12: 17 | N12: 817 | O12: 193 | P12: 10M | Q12: 386 | R12: 903 | S12: 45652 | T12: 1968.8 | U12: 1888.8 | V12: 988 | W12: 18988 | X12: 14.2 | Y12: =ROUNDUP((10^((X12+Z12)/10)/1000)*LEFT(P12,2)*5*12,0) | Z12: 0 | AA12: 1 | AB12: =Y12*I12 | AC12: - | AD12: - | AE12: 0 | AF12: 10 | AG12: 3 | AH12: 456
A13: 01608171_IC_B40_Pisco | B13: =_xlfn.XLOOKUP(A13,'RF Parameter'!I:I,'RF Parameter'!A:A) | C13: =_xlfn.XLOOKUP(A13,'RF Parameter'!I:I,'RF Parameter'!E:E) | D13: =_xlfn.XLOOKUP(A13,'RF Parameter'!I:I,'RF Parameter'!K:K) | E13: =_xlfn.XLOOKUP(A13,'RF Parameter'!I:I,'RF Parameter'!AB:AB) | F13: =_xlfn.XLOOKUP(A13,'RF Parameter'!I:I,'RF Parameter'!AA:AA) | G13: =_xlfn.XLOOKUP(A13,'RF Parameter'!I:I,'RF Parameter'!B:B) | H13: =_xlfn.XLOOKUP(A13,'RF Parameter'!I:I,'RF Parameter'!M:M) | I13: 2 | J13: =G13 | K13: - | L13: 716 | M13: 17 | N13: 817 | O13: 231 | P13: 15M | Q13: 384 | R13: 903 | S13: 45652 | T13: 2367.5 | U13: - | V13: 39325 | W13: - | X13: 15 | Y13: =ROUNDUP((10^((X13+Z13)/10)/1000)*LEFT(P13,2)*5*12,0) | Z13: -3 | AA13: 1 | AB13: =Y13*I13 | AC13: 2 | AD13: 7 | AE13: 0 | AF13: 10 | AG13: 0 | AH13: 520
A14: 01608176_IC_B40_Pisco | B14: =_xlfn.XLOOKUP(A14,'RF Parameter'!I:I,'RF Parameter'!A:A) | C14: =_xlfn.XLOOKUP(A14,'RF Parameter'!I:I,'RF Parameter'!E:E) | D14: =_xlfn.XLOOKUP(A14,'RF Parameter'!I:I,'RF Parameter'!K:K) | E14: =_xlfn.XLOOKUP(A14,'RF Parameter'!I:I,'RF Parameter'!AB:AB) | F14: =_xlfn.XLOOKUP(A14,'RF Parameter'!I:I,'RF Parameter'!AA:AA) | G14: =_xlfn.XLOOKUP(A14,'RF Parameter'!I:I,'RF Parameter'!B:B) | H14: =_xlfn.XLOOKUP(A14,'RF Parameter'!I:I,'RF Parameter'!M:M) | I14: 2 | J14: =G14 | K14: - | L14: 716 | M14: 17 | N14: 817 | O14: 236 | P14: 15M | Q14: 27 | R14: 903 | S14: 45652 | T14: 2382.5 | U14: - | V14: 39475 | W14: - | X14: 15 | Y14: =ROUNDUP((10^((X14+Z14)/10)/1000)*LEFT(P14,2)*5*12,0) | Z14: -3 | AA14: 1 | AB14: =Y14*I14 | AC14: 2 | AD14: 7 | AE14: 0 | AF14: 10 | AG14: 0 | AH14: 184
A15: 01608172_IC_B40_Pisco | B15: =_xlfn.XLOOKUP(A15,'RF Parameter'!I:I,'RF Parameter'!A:A) | C15: =_xlfn.XLOOKUP(A15,'RF Parameter'!I:I,'RF Parameter'!E:E) | D15: =_xlfn.XLOOKUP(A15,'RF Parameter'!I:I,'RF Parameter'!K:K) | E15: =_xlfn.XLOOKUP(A15,'RF Parameter'!I:I,'RF Parameter'!AB:AB) | F15: =_xlfn.XLOOKUP(A15,'RF Parameter'!I:I,'RF Parameter'!AA:AA) | G15: =_xlfn.XLOOKUP(A15,'RF Parameter'!I:I,'RF Parameter'!B:B) | H15: =_xlfn.XLOOKUP(A15,'RF Parameter'!I:I,'RF Parameter'!M:M) | I15: 2 | J15: =G15 | K15: - | L15: 716 | M15: 17 | N15: 817 | O15: 232 | P15: 15M | Q15: 385 | R15: 903 | S15: 45652 | T15: 2367.5 | U15: - | V15: 39325 | W15: - | X15: 12.2 | Y15: =ROUNDUP((10^((X15+Z15)/10)/1000)*LEFT(P15,2)*5*12,0) | Z15: -3 | AA15: 1 | AB15: =Y15*I15 | AC15: 2 | AD15: 7 | AE15: 0 | AF15: 10 | AG15: 0 | AH15: 16
A16: 01608177_IC_B40_Pisco | B16: =_xlfn.XLOOKUP(A16,'RF Parameter'!I:I,'RF Parameter'!A:A) | C16: =_xlfn.XLOOKUP(A16,'RF Parameter'!I:I,'RF Parameter'!E:E) | D16: =_xlfn.XLOOKUP(A16,'RF Parameter'!I:I,'RF Parameter'!K:K) | E16: =_xlfn.XLOOKUP(A16,'RF Parameter'!I:I,'RF Parameter'!AB:AB) | F16: =_xlfn.XLOOKUP(A16,'RF Parameter'!I:I,'RF Parameter'!AA:AA) | G16: =_xlfn.XLOOKUP(A16,'RF Parameter'!I:I,'RF Parameter'!B:B) | H16: =_xlfn.XLOOKUP(A16,'RF Parameter'!I:I,'RF Parameter'!M:M) | I16: 2 | J16: =G16 | K16: - | L16: 716 | M16: 17 | N16: 817 | O16: 237 | P16: 15M | Q16: 28 | R16: 903 | S16: 45652 | T16: 2382.5 | U16: - | V16: 39475 | W16: - | X16: 12.2 | Y16: =ROUNDUP((10^((X16+Z16)/10)/1000)*LEFT(P16,2)*5*12,0) | Z16: -3 | AA16: 1 | AB16: =Y16*I16 | AC16: 2 | AD16: 7 | AE16: 0 | AF16: 10 | AG16: 0 | AH16: 208
A17: 01608173_IC_B40_Pisco | B17: =_xlfn.XLOOKUP(A17,'RF Parameter'!I:I,'RF Parameter'!A:A) | C17: =_xlfn.XLOOKUP(A17,'RF Parameter'!I:I,'RF Parameter'!E:E) | D17: =_xlfn.XLOOKUP(A17,'RF Parameter'!I:I,'RF Parameter'!K:K) | E17: =_xlfn.XLOOKUP(A17,'RF Parameter'!I:I,'RF Parameter'!AB:AB) | F17: =_xlfn.XLOOKUP(A17,'RF Parameter'!I:I,'RF Parameter'!AA:AA) | G17: =_xlfn.XLOOKUP(A17,'RF Parameter'!I:I,'RF Parameter'!B:B) | H17: =_xlfn.XLOOKUP(A17,'RF Parameter'!I:I,'RF Parameter'!M:M) | I17: 2 | J17: =G17 | K17: - | L17: 716 | M17: 17 | N17: 817 | O17: 233 | P17: 15M | Q17: 386 | R17: 903 | S17: 45652 | T17: 2367.5 | U17: - | V17: 39325 | W17: - | X17: 14 | Y17: =ROUNDUP((10^((X17+Z17)/10)/1000)*LEFT(P17,2)*5*12,0) | Z17: -3 | AA17: 1 | AB17: =Y17*I17 | AC17: 2 | AD17: 7 | AE17: 0 | AF17: 10 | AG17: 0 | AH17: 456
A18: 01608178_IC_B40_Pisco | B18: =_xlfn.XLOOKUP(A18,'RF Parameter'!I:I,'RF Parameter'!A:A) | C18: =_xlfn.XLOOKUP(A18,'RF Parameter'!I:I,'RF Parameter'!E:E) | D18: =_xlfn.XLOOKUP(A18,'RF Parameter'!I:I,'RF Parameter'!K:K) | E18: =_xlfn.XLOOKUP(A18,'RF Parameter'!I:I,'RF Parameter'!AB:AB) | F18: =_xlfn.XLOOKUP(A18,'RF Parameter'!I:I,'RF Parameter'!AA:AA) | G18: =_xlfn.XLOOKUP(A18,'RF Parameter'!I:I,'RF Parameter'!B:B) | H18: =_xlfn.XLOOKUP(A18,'RF Parameter'!I:I,'RF Parameter'!M:M) | I18: 2 | J18: =G18 | K18: - | L18: 716 | M18: 17 | N18: 817 | O18: 238 | P18: 15M | Q18: 29 | R18: 903 | S18: 45652 | T18: 2382.5 | U18: - | V18: 39475 | W18: - | X18: 14 | Y18: =ROUNDUP((10^((X18+Z18)/10)/1000)*LEFT(P18,2)*5*12,0) | Z18: -3 | AA18: 1 | AB18: =Y18*I18 | AC18: 2 | AD18: 7 | AE18: 0 | AF18: 10 | AG18: 0 | AH18: 216
A19: 01722471_IC_San_Clemente | B19: =_xlfn.XLOOKUP(A19,'RF Parameter'!I:I,'RF Parameter'!A:A) | C19: =_xlfn.XLOOKUP(A19,'RF Parameter'!I:I,'RF Parameter'!E:E) | D19: =_xlfn.XLOOKUP(A19,'RF Parameter'!I:I,'RF Parameter'!K:K) | E19: =_xlfn.XLOOKUP(A19,'RF Parameter'!I:I,'RF Parameter'!AB:AB) | F19: =_xlfn.XLOOKUP(A19,'RF Parameter'!I:I,'RF Parameter'!AA:AA) | G19: =_xlfn.XLOOKUP(A19,'RF Parameter'!I:I,'RF Parameter'!B:B) | H19: =_xlfn.XLOOKUP(A19,'RF Parameter'!I:I,'RF Parameter'!M:M) | I19: 4 | J19: =G19 | K19: - | L19: 716 | M19: 17 | N19: 2247 | O19: 71 | P19: 15M | Q19: 262 | R19: 903 | S19: 45652 | T19: 765.5 | U19: 710.5 | V19: 9285 | W19: 27285 | X19: 12.2 | Y19: =ROUNDUP((10^((X19+Z19)/10)/1000)*LEFT(P19,2)*5*12,0) | Z19: 0 | AA19: 0 | AB19: =Y19*I19 | AC19: - | AD19: - | AE19: 0 | AF19: 10 | AG19: 3 | AH19: 304
A20: 01722472_IC_San_Clemente | B20: =_xlfn.XLOOKUP(A20,'RF Parameter'!I:I,'RF Parameter'!A:A) | C20: =_xlfn.XLOOKUP(A20,'RF Parameter'!I:I,'RF Parameter'!E:E) | D20: =_xlfn.XLOOKUP(A20,'RF Parameter'!I:I,'RF Parameter'!K:K) | E20: =_xlfn.XLOOKUP(A20,'RF Parameter'!I:I,'RF Parameter'!AB:AB) | F20: =_xlfn.XLOOKUP(A20,'RF Parameter'!I:I,'RF Parameter'!AA:AA) | G20: =_xlfn.XLOOKUP(A20,'RF Parameter'!I:I,'RF Parameter'!B:B) | H20: =_xlfn.XLOOKUP(A20,'RF Parameter'!I:I,'RF Parameter'!M:M) | I20: 4 | J20: =G20 | K20: - | L20: 716 | M20: 17 | N20: 2247 | O20: 72 | P20: 15M | Q20: 261 | R20: 903 | S20: 45652 | T20: 765.5 | U20: 710.5 | V20: 9285 | W20: 27285 | X20: 11.2 | Y20: =ROUNDUP((10^((X20+Z20)/10)/1000)*LEFT(P20,2)*5*12,0) | Z20: 0 | AA20: 0 | AB20: =Y20*I20 | AC20: - | AD20: - | AE20: 0 | AF20: 10 | AG20: 3 | AH20: 88
A21: 01722473_IC_San_Clemente | B21: =_xlfn.XLOOKUP(A21,'RF Parameter'!I:I,'RF Parameter'!A:A) | C21: =_xlfn.XLOOKUP(A21,'RF Parameter'!I:I,'RF Parameter'!E:E) | D21: =_xlfn.XLOOKUP(A21,'RF Parameter'!I:I,'RF Parameter'!K:K) | E21: =_xlfn.XLOOKUP(A21,'RF Parameter'!I:I,'RF Parameter'!AB:AB) | F21: =_xlfn.XLOOKUP(A21,'RF Parameter'!I:I,'RF Parameter'!AA:AA) | G21: =_xlfn.XLOOKUP(A21,'RF Parameter'!I:I,'RF Parameter'!B:B) | H21: =_xlfn.XLOOKUP(A21,'RF Parameter'!I:I,'RF Parameter'!M:M) | I21: 4 | J21: =G21 | K21: - | L21: 716 | M21: 17 | N21: 2247 | O21: 73 | P21: 15M | Q21: 263 | R21: 903 | S21: 45652 | T21: 765.5 | U21: 710.5 | V21: 9285 | W21: 27285 | X21: 12.2 | Y21: =ROUNDUP((10^((X21+Z21)/10)/1000)*LEFT(P21,2)*5*12,0) | Z21: 0 | AA21: 0 | AB21: =Y21*I21 | AC21: - | AD21: - | AE21: 0 | AF21: 10 | AG21: 3 | AH21: 392
A22: 01422471_IC_San_Clemente | B22: =_xlfn.XLOOKUP(A22,'RF Parameter'!I:I,'RF Parameter'!A:A) | C22: =_xlfn.XLOOKUP(A22,'RF Parameter'!I:I,'RF Parameter'!E:E) | D22: =_xlfn.XLOOKUP(A22,'RF Parameter'!I:I,'RF Parameter'!K:K) | E22: =_xlfn.XLOOKUP(A22,'RF Parameter'!I:I,'RF Parameter'!AB:AB) | F22: =_xlfn.XLOOKUP(A22,'RF Parameter'!I:I,'RF Parameter'!AA:AA) | G22: =_xlfn.XLOOKUP(A22,'RF Parameter'!I:I,'RF Parameter'!B:B) | H22: =_xlfn.XLOOKUP(A22,'RF Parameter'!I:I,'RF Parameter'!M:M) | I22: 4 | J22: =G22 | K22: - | L22: 716 | M22: 17 | N22: 2247 | O22: 1 | P22: 20M | Q22: 262 | R22: 903 | S22: 45652 | T22: 2140 | U22: 1740 | V22: 2250 | W22: 20250 | X22: 17.2 | Y22: =ROUNDUP((10^((X22+Z22)/10)/1000)*LEFT(P22,2)*5*12,0) | Z22: -3 | AA22: 1 | AB22: =Y22*I22 | AC22: - | AD22: - | AE22: 0 | AF22: 10 | AG22: 3 | AH22: 304
A23: 01422472_IC_San_Clemente | B23: =_xlfn.XLOOKUP(A23,'RF Parameter'!I:I,'RF Parameter'!A:A) | C23: =_xlfn.XLOOKUP(A23,'RF Parameter'!I:I,'RF Parameter'!E:E) | D23: =_xlfn.XLOOKUP(A23,'RF Parameter'!I:I,'RF Parameter'!K:K) | E23: =_xlfn.XLOOKUP(A23,'RF Parameter'!I:I,'RF Parameter'!AB:AB) | F23: =_xlfn.XLOOKUP(A23,'RF Parameter'!I:I,'RF Parameter'!AA:AA) | G23: =_xlfn.XLOOKUP(A23,'RF Parameter'!I:I,'RF Parameter'!B:B) | H23: =_xlfn.XLOOKUP(A23,'RF Parameter'!I:I,'RF Parameter'!M:M) | I23: 4 | J23: =G23 | K23: - | L23: 716 | M23: 17 | N23: 2247 | O23: 2 | P23: 20M | Q23: 261 | R23: 903 | S23: 45652 | T23: 2140 | U23: 1740 | V23: 2250 | W23: 20250 | X23: =ROUNDDOWN(10*LOG(Y23*1000/1200)-Z23,1) | Y23: =90/4 | Z23: -4.77 | AA23: 2 | AB23: =Y23*I23 | AC23: - | AD23: - | AE23: 0 | AF23: 10 | AG23: 3 | AH23: 88
A24: 01422477_IC_San_Clemente | B24: =_xlfn.XLOOKUP(A24,'RF Parameter'!I:I,'RF Parameter'!A:A) | C24: =_xlfn.XLOOKUP(A24,'RF Parameter'!I:I,'RF Parameter'!E:E) | D24: =_xlfn.XLOOKUP(A24,'RF Parameter'!I:I,'RF Parameter'!K:K) | E24: =_xlfn.XLOOKUP(A24,'RF Parameter'!I:I,'RF Parameter'!AB:AB) | F24: =_xlfn.XLOOKUP(A24,'RF Parameter'!I:I,'RF Parameter'!AA:AA) | G24: =_xlfn.XLOOKUP(A24,'RF Parameter'!I:I,'RF Parameter'!B:B) | H24: =_xlfn.XLOOKUP(A24,'RF Parameter'!I:I,'RF Parameter'!M:M) | I24: 4 | J24: =G24 | K24: - | L24: 716 | M24: 17 | N24: 2247 | O24: 7 | P24: 20M | Q24: 34 | R24: 903 | S24: 45652 | T24: 2140 | U24: 1740 | V24: 2250 | W24: 20250 | X24: =ROUNDDOWN(10*LOG(Y24*1000/1200)-Z24,1) | Y24: =90/4 | Z24: -4.77 | AA24: 2 | AB24: =Y24*I24 | AC24: - | AD24: - | AE24: 0 | AF24: 10 | AG24: 3 | AH24: 96
A25: 01422479_IC_San_Clemente | B25: =_xlfn.XLOOKUP(A25,'RF Parameter'!I:I,'RF Parameter'!A:A) | C25: =_xlfn.XLOOKUP(A25,'RF Parameter'!I:I,'RF Parameter'!E:E) | D25: =_xlfn.XLOOKUP(A25,'RF Parameter'!I:I,'RF Parameter'!K:K) | E25: =_xlfn.XLOOKUP(A25,'RF Parameter'!I:I,'RF Parameter'!AB:AB) | F25: =_xlfn.XLOOKUP(A25,'RF Parameter'!I:I,'RF Parameter'!AA:AA) | G25: =_xlfn.XLOOKUP(A25,'RF Parameter'!I:I,'RF Parameter'!B:B) | H25: =_xlfn.XLOOKUP(A25,'RF Parameter'!I:I,'RF Parameter'!M:M) | I25: 4 | J25: =G25 | K25: - | L25: 716 | M25: 17 | N25: 2247 | O25: 9 | P25: 20M | Q25: 5 | R25: 903 | S25: 45652 | T25: 2140 | U25: 1740 | V25: 2250 | W25: 20250 | X25: =ROUNDDOWN(10*LOG(Y25*1000/1200)-Z25,1) | Y25: =90/4 | Z25: -4.77 | AA25: 2 | AB25: =Y25*I25 | AC25: - | AD25: - | AE25: 0 | AF25: 10 | AG25: 3 | AH25: 72
A26: 014224710_IC_San_Clemente | B26: =_xlfn.XLOOKUP(A26,'RF Parameter'!I:I,'RF Parameter'!A:A) | C26: =_xlfn.XLOOKUP(A26,'RF Parameter'!I:I,'RF Parameter'!E:E) | D26: =_xlfn.XLOOKUP(A26,'RF Parameter'!I:I,'RF Parameter'!K:K) | E26: =_xlfn.XLOOKUP(A26,'RF Parameter'!I:I,'RF Parameter'!AB:AB) | F26: =_xlfn.XLOOKUP(A26,'RF Parameter'!I:I,'RF Parameter'!AA:AA) | G26: =_xlfn.XLOOKUP(A26,'RF Parameter'!I:I,'RF Parameter'!B:B) | H26: =_xlfn.XLOOKUP(A26,'RF Parameter'!I:I,'RF Parameter'!M:M) | I26: 4 | J26: =G26 | K26: - | L26: 716 | M26: 17 | N26: 2247 | O26: 10 | P26: 20M | Q26: 6 | R26: 903 | S26: 45652 | T26: 2140 | U26: 1740 | V26: 2250 | W26: 20250 | X26: =ROUNDDOWN(10*LOG(Y26*1000/1200)-Z26,1) | Y26: =90/4 | Z26: -4.77 | AA26: 2 | AB26: =Y26*I26 | AC26: - | AD26: - | AE26: 0 | AF26: 10 | AG26: 3 | AH26: 30
A27: 01422473_IC_San_Clemente | B27: =_xlfn.XLOOKUP(A27,'RF Parameter'!I:I,'RF Parameter'!A:A) | C27: =_xlfn.XLOOKUP(A27,'RF Parameter'!I:I,'RF Parameter'!E:E) | D27: =_xlfn.XLOOKUP(A27,'RF Parameter'!I:I,'RF Parameter'!K:K) | E27: =_xlfn.XLOOKUP(A27,'RF Parameter'!I:I,'RF Parameter'!AB:AB) | F27: =_xlfn.XLOOKUP(A27,'RF Parameter'!I:I,'RF Parameter'!AA:AA) | G27: =_xlfn.XLOOKUP(A27,'RF Parameter'!I:I,'RF Parameter'!B:B) | H27: =_xlfn.XLOOKUP(A27,'RF Parameter'!I:I,'RF Parameter'!M:M) | I27: 4 | J27: =G27 | K27: - | L27: 716 | M27: 17 | N27: 2247 | O27: 3 | P27: 20M | Q27: 263 | R27: 903 | S27: 45652 | T27: 2140 | U27: 1740 | V27: 2250 | W27: 20250 | X27: 17.4 | Y27: =ROUNDUP((10^((X27+Z27)/10)/1000)*LEFT(P27,2)*5*12,0) | Z27: -3 | AA27: 1 | AB27: =Y27*I27 | AC27: - | AD27: - | AE27: 0 | AF27: 10 | AG27: 3 | AH27: 392
A28: 01422478_IC_San_Clemente | B28: =_xlfn.XLOOKUP(A28,'RF Parameter'!I:I,'RF Parameter'!A:A) | C28: =_xlfn.XLOOKUP(A28,'RF Parameter'!I:I,'RF Parameter'!E:E) | D28: =_xlfn.XLOOKUP(A28,'RF Parameter'!I:I,'RF Parameter'!K:K) | E28: =_xlfn.XLOOKUP(A28,'RF Parameter'!I:I,'RF Parameter'!AB:AB) | F28: =_xlfn.XLOOKUP(A28,'RF Parameter'!I:I,'RF Parameter'!AA:AA) | G28: =_xlfn.XLOOKUP(A28,'RF Parameter'!I:I,'RF Parameter'!B:B) | H28: =_xlfn.XLOOKUP(A28,'RF Parameter'!I:I,'RF Parameter'!M:M) | I28: 4 | J28: =G28 | K28: - | L28: 716 | M28: 17 | N28: 2247 | O28: 8 | P28: 20M | Q28: 33 | R28: 903 | S28: 45652 | T28: 2140 | U28: 1740 | V28: 2250 | W28: 20250 | X28: 17.4 | Y28: =ROUNDUP((10^((X28+Z28)/10)/1000)*LEFT(P28,2)*5*12,0) | Z28: -3 | AA28: 1 | AB28: =Y28*I28 | AC28: - | AD28: - | AE28: 0 | AF28: 10 | AG28: 3 | AH28: 120
A29: 09422471_IC_San_Clemente | B29: =_xlfn.XLOOKUP(A29,'RF Parameter'!I:I,'RF Parameter'!A:A) | C29: =_xlfn.XLOOKUP(A29,'RF Parameter'!I:I,'RF Parameter'!E:E) | D29: =_xlfn.XLOOKUP(A29,'RF Parameter'!I:I,'RF Parameter'!K:K) | E29: =_xlfn.XLOOKUP(A29,'RF Parameter'!I:I,'RF Parameter'!AB:AB) | F29: =_xlfn.XLOOKUP(A29,'RF Parameter'!I:I,'RF Parameter'!AA:AA) | G29: =_xlfn.XLOOKUP(A29,'RF Parameter'!I:I,'RF Parameter'!B:B) | H29: =_xlfn.XLOOKUP(A29,'RF Parameter'!I:I,'RF Parameter'!M:M) | I29: 4 | J29: =G29 | K29: - | L29: 716 | M29: 17 | N29: 2247 | O29: 191 | P29: 10M | Q29: 262 | R29: 903 | S29: 45652 | T29: 1968.8 | U29: 1888.8 | V29: 988 | W29: 18988 | X29: 14.2 | Y29: =ROUNDUP((10^((X29+Z29)/10)/1000)*LEFT(P29,2)*5*12,0) | Z29: -3 | AA29: 1 | AB29: =Y29*I29 | AC29: - | AD29: - | AE29: 0 | AF29: 10 | AG29: 3 | AH29: 304
A30: 09422472_IC_San_Clemente | B30: =_xlfn.XLOOKUP(A30,'RF Parameter'!I:I,'RF Parameter'!A:A) | C30: =_xlfn.XLOOKUP(A30,'RF Parameter'!I:I,'RF Parameter'!E:E) | D30: =_xlfn.XLOOKUP(A30,'RF Parameter'!I:I,'RF Parameter'!K:K) | E30: =_xlfn.XLOOKUP(A30,'RF Parameter'!I:I,'RF Parameter'!AB:AB) | F30: =_xlfn.XLOOKUP(A30,'RF Parameter'!I:I,'RF Parameter'!AA:AA) | G30: =_xlfn.XLOOKUP(A30,'RF Parameter'!I:I,'RF Parameter'!B:B) | H30: =_xlfn.XLOOKUP(A30,'RF Parameter'!I:I,'RF Parameter'!M:M) | I30: 4 | J30: =G30 | K30: - | L30: 716 | M30: 17 | N30: 2247 | O30: 192 | P30: 10M | Q30: 261 | R30: 903 | S30: 45652 | T30: 1968.8 | U30: 1888.8 | V30: 988 | W30: 18988 | X30: 13.2 | Y30: =ROUNDUP((10^((X30+Z30)/10)/1000)*LEFT(P30,2)*5*12,0) | Z30: -3 | AA30: 1 | AB30: =Y30*I30 | AC30: - | AD30: - | AE30: 0 | AF30: 10 | AG30: 3 | AH30: 88
A31: 09422473_IC_San_Clemente | B31: =_xlfn.XLOOKUP(A31,'RF Parameter'!I:I,'RF Parameter'!A:A) | C31: =_xlfn.XLOOKUP(A31,'RF Parameter'!I:I,'RF Parameter'!E:E) | D31: =_xlfn.XLOOKUP(A31,'RF Parameter'!I:I,'RF Parameter'!K:K) | E31: =_xlfn.XLOOKUP(A31,'RF Parameter'!I:I,'RF Parameter'!AB:AB) | F31: =_xlfn.XLOOKUP(A31,'RF Parameter'!I:I,'RF Parameter'!AA:AA) | G31: =_xlfn.XLOOKUP(A31,'RF Parameter'!I:I,'RF Parameter'!B:B) | H31: =_xlfn.XLOOKUP(A31,'RF Parameter'!I:I,'RF Parameter'!M:M) | I31: 4 | J31: =G31 | K31: - | L31: 716 | M31: 17 | N31: 2247 | O31: 193 | P31: 10M | Q31: 263 | R31: 903 | S31: 45652 | T31: 1968.8 | U31: 1888.8 | V31: 988 | W31: 18988 | X31: 13.2 | Y31: =ROUNDUP((10^((X31+Z31)/10)/1000)*LEFT(P31,2)*5*12,0) | Z31: -3 | AA31: 1 | AB31: =Y31*I31 | AC31: - | AD31: - | AE31: 0 | AF31: 10 | AG31: 3 | AH31: 392
A32: 09422478_IC_San_Clemente | B32: =_xlfn.XLOOKUP(A32,'RF Parameter'!I:I,'RF Parameter'!A:A) | C32: =_xlfn.XLOOKUP(A32,'RF Parameter'!I:I,'RF Parameter'!E:E) | D32: =_xlfn.XLOOKUP(A32,'RF Parameter'!I:I,'RF Parameter'!K:K) | E32: =_xlfn.XLOOKUP(A32,'RF Parameter'!I:I,'RF Parameter'!AB:AB) | F32: =_xlfn.XLOOKUP(A32,'RF Parameter'!I:I,'RF Parameter'!AA:AA) | G32: =_xlfn.XLOOKUP(A32,'RF Parameter'!I:I,'RF Parameter'!B:B) | H32: =_xlfn.XLOOKUP(A32,'RF Parameter'!I:I,'RF Parameter'!M:M) | I32: 4 | J32: =G32 | K32: - | L32: 716 | M32: 17 | N32: 2247 | O32: 198 | P32: 10M | Q32: 3 | R32: 903 | S32: 45652 | T32: 1968.8 | U32: 1888.8 | V32: 988 | W32: 18988 | X32: 13.2 | Y32: =ROUNDUP((10^((X32+Z32)/10)/1000)*LEFT(P32,2)*5*12,0) | Z32: -3 | AA32: 1 | AB32: =Y32*I32 | AC32: - | AD32: - | AE32: 0 | AF32: 10 | AG32: 3 | AH32: 6
A33: 01622471_IC_B40_San_Clemente | B33: =_xlfn.XLOOKUP(A33,'RF Parameter'!I:I,'RF Parameter'!A:A) | C33: =_xlfn.XLOOKUP(A33,'RF Parameter'!I:I,'RF Parameter'!E:E) | D33: =_xlfn.XLOOKUP(A33,'RF Parameter'!I:I,'RF Parameter'!K:K) | E33: =_xlfn.XLOOKUP(A33,'RF Parameter'!I:I,'RF Parameter'!AB:AB) | F33: =_xlfn.XLOOKUP(A33,'RF Parameter'!I:I,'RF Parameter'!AA:AA) | G33: =_xlfn.XLOOKUP(A33,'RF Parameter'!I:I,'RF Parameter'!B:B) | H33: =_xlfn.XLOOKUP(A33,'RF Parameter'!I:I,'RF Parameter'!M:M) | I33: 2 | J33: =G33 | K33: - | L33: 716 | M33: 17 | N33: 2247 | O33: 231 | P33: 15M | Q33: 3 | R33: 903 | S33: 45652 | T33: 2367.5 | U33: - | V33: 39325 | W33: - | X33: 15.4 | Y33: =ROUNDUP((10^((X33+Z33)/10)/1000)*LEFT(P33,2)*5*12,0) | Z33: -3 | AA33: 1 | AB33: =Y33*I33 | AC33: 2 | AD33: 7 | AE33: 0 | AF33: 10 | AG33: 0 | AH33: 6
A34: 01622476_IC_B40_San_Clemente | B34: =_xlfn.XLOOKUP(A34,'RF Parameter'!I:I,'RF Parameter'!A:A) | C34: =_xlfn.XLOOKUP(A34,'RF Parameter'!I:I,'RF Parameter'!E:E) | D34: =_xlfn.XLOOKUP(A34,'RF Parameter'!I:I,'RF Parameter'!K:K) | E34: =_xlfn.XLOOKUP(A34,'RF Parameter'!I:I,'RF Parameter'!AB:AB) | F34: =_xlfn.XLOOKUP(A34,'RF Parameter'!I:I,'RF Parameter'!AA:AA) | G34: =_xlfn.XLOOKUP(A34,'RF Parameter'!I:I,'RF Parameter'!B:B) | H34: =_xlfn.XLOOKUP(A34,'RF Parameter'!I:I,'RF Parameter'!M:M) | I34: 2 | J34: =G34 | K34: - | L34: 716 | M34: 17 | N34: 2247 | O34: 236 | P34: 15M | Q34: 3 | R34: 903 | S34: 45652 | T34: 2382.5 | U34: - | V34: 39475 | W34: - | X34: 15.4 | Y34: =ROUNDUP((10^((X34+Z34)/10)/1000)*LEFT(P34,2)*5*12,0) | Z34: -3 | AA34: 1 | AB34: =Y34*I34 | AC34: 2 | AD34: 7 | AE34: 0 | AF34: 10 | AG34: 0 | AH34: 6
A35: 01622472_IC_B40_San_Clemente | B35: =_xlfn.XLOOKUP(A35,'RF Parameter'!I:I,'RF Parameter'!A:A) | C35: =_xlfn.XLOOKUP(A35,'RF Parameter'!I:I,'RF Parameter'!E:E) | D35: =_xlfn.XLOOKUP(A35,'RF Parameter'!I:I,'RF Parameter'!K:K) | E35: =_xlfn.XLOOKUP(A35,'RF Parameter'!I:I,'RF Parameter'!AB:AB) | F35: =_xlfn.XLOOKUP(A35,'RF Parameter'!I:I,'RF Parameter'!AA:AA) | G35: =_xlfn.XLOOKUP(A35,'RF Parameter'!I:I,'RF Parameter'!B:B) | H35: =_xlfn.XLOOKUP(A35,'RF Parameter'!I:I,'RF Parameter'!M:M) | I35: 2 | J35: =G35 | K35: - | L35: 716 | M35: 17 | N35: 2247 | O35: 232 | P35: 15M | Q35: 4 | R35: 903 | S35: 45652 | T35: 2367.5 | U35: - | V35: 39325 | W35: - | X35: 15.4 | Y35: =ROUNDUP((10^((X35+Z35)/10)/1000)*LEFT(P35,2)*5*12,0) | Z35: -3 | AA35: 1 | AB35: =Y35*I35 | AC35: 2 | AD35: 7 | AE35: 0 | AF35: 10 | AG35: 0 | AH35: 0
A36: 01622477_IC_B40_San_Clemente | B36: =_xlfn.XLOOKUP(A36,'RF Parameter'!I:I,'RF Parameter'!A:A) | C36: =_xlfn.XLOOKUP(A36,'RF Parameter'!I:I,'RF Parameter'!E:E) | D36: =_xlfn.XLOOKUP(A36,'RF Parameter'!I:I,'RF Parameter'!K:K) | E36: =_xlfn.XLOOKUP(A36,'RF Parameter'!I:I,'RF Parameter'!AB:AB) | F36: =_xlfn.XLOOKUP(A36,'RF Parameter'!I:I,'RF Parameter'!AA:AA) | G36: =_xlfn.XLOOKUP(A36,'RF Parameter'!I:I,'RF Parameter'!B:B) | H36: =_xlfn.XLOOKUP(A36,'RF Parameter'!I:I,'RF Parameter'!M:M) | I36: 2 | J36: =G36 | K36: - | L36: 716 | M36: 17 | N36: 2247 | O36: 237 | P36: 15M | Q36: 4 | R36: 903 | S36: 45652 | T36: 2382.5 | U36: - | V36: 39475 | W36: - | X36: 15.4 | Y36: =ROUNDUP((10^((X36+Z36)/10)/1000)*LEFT(P36,2)*5*12,0) | Z36: -3 | AA36: 1 | AB36: =Y36*I36 | AC36: 2 | AD36: 7 | AE36: 0 | AF36: 10 | AG36: 0 | AH36: 0
A37: 01622473_IC_B40_San_Clemente | B37: =_xlfn.XLOOKUP(A37,'RF Parameter'!I:I,'RF Parameter'!A:A) | C37: =_xlfn.XLOOKUP(A37,'RF Parameter'!I:I,'RF Parameter'!E:E) | D37: =_xlfn.XLOOKUP(A37,'RF Parameter'!I:I,'RF Parameter'!K:K) | E37: =_xlfn.XLOOKUP(A37,'RF Parameter'!I:I,'RF Parameter'!AB:AB) | F37: =_xlfn.XLOOKUP(A37,'RF Parameter'!I:I,'RF Parameter'!AA:AA) | G37: =_xlfn.XLOOKUP(A37,'RF Parameter'!I:I,'RF Parameter'!B:B) | H37: =_xlfn.XLOOKUP(A37,'RF Parameter'!I:I,'RF Parameter'!M:M) | I37: 2 | J37: =G37 | K37: - | L37: 716 | M37: 17 | N37: 2247 | O37: 233 | P37: 15M | Q37: 263 | R37: 903 | S37: 45652 | T37: 2367.5 | U37: - | V37: 39325 | W37: - | X37: 15.4 | Y37: =ROUNDUP((10^((X37+Z37)/10)/1000)*LEFT(P37,2)*5*12,0) | Z37: -3 | AA37: 1 | AB37: =Y37*I37 | AC37: 2 | AD37: 7 | AE37: 0 | AF37: 10 | AG37: 0 | AH37: 392
A38: 01622478_IC_B40_San_Clemente | B38: =_xlfn.XLOOKUP(A38,'RF Parameter'!I:I,'RF Parameter'!A:A) | C38: =_xlfn.XLOOKUP(A38,'RF Parameter'!I:I,'RF Parameter'!E:E) | D38: =_xlfn.XLOOKUP(A38,'RF Parameter'!I:I,'RF Parameter'!K:K) | E38: =_xlfn.XLOOKUP(A38,'RF Parameter'!I:I,'RF Parameter'!AB:AB) | F38: =_xlfn.XLOOKUP(A38,'RF Parameter'!I:I,'RF Parameter'!AA:AA) | G38: =_xlfn.XLOOKUP(A38,'RF Parameter'!I:I,'RF Parameter'!B:B) | H38: =_xlfn.XLOOKUP(A38,'RF Parameter'!I:I,'RF Parameter'!M:M) | I38: 2 | J38: =G38 | K38: - | L38: 716 | M38: 17 | N38: 2247 | O38: 238 | P38: 15M | Q38: 35 | R38: 903 | S38: 45652 | T38: 2382.5 | U38: - | V38: 39475 | W38: - | X38: 15.4 | Y38: =ROUNDUP((10^((X38+Z38)/10)/1000)*LEFT(P38,2)*5*12,0) | Z38: -3 | AA38: 1 | AB38: =Y38*I38 | AC38: 2 | AD38: 7 | AE38: 0 | AF38: 10 | AG38: 0 | AH38: 544
A39: 01722541_IC_Garzas_Mir_1900 | B39: =_xlfn.XLOOKUP(A39,'RF Parameter'!I:I,'RF Parameter'!A:A) | C39: =_xlfn.XLOOKUP(A39,'RF Parameter'!I:I,'RF Parameter'!E:E) | D39: =_xlfn.XLOOKUP(A39,'RF Parameter'!I:I,'RF Parameter'!K:K) | E39: =_xlfn.XLOOKUP(A39,'RF Parameter'!I:I,'RF Parameter'!AB:AB) | F39: =_xlfn.XLOOKUP(A39,'RF Parameter'!I:I,'RF Parameter'!AA:AA) | G39: =_xlfn.XLOOKUP(A39,'RF Parameter'!I:I,'RF Parameter'!B:B) | H39: =_xlfn.XLOOKUP(A39,'RF Parameter'!I:I,'RF Parameter'!M:M) | I39: 4 | J39: =G39 | K39: - | L39: 716 | M39: 17 | N39: 2254 | O39: 71 | P39: 15M | Q39: 59 | R39: 903 | S39: 45652 | T39: 765.5 | U39: 710.5 | V39: 9285 | W39: 27285 | X39: 13.2 | Y39: =ROUNDUP((10^((X39+Z39)/10)/1000)*LEFT(P39,2)*5*12,0) | Z39: 0 | AA39: 0 | AB39: =Y39*I39 | AC39: - | AD39: - | AE39: 0 | AF39: 10 | AG39: 3 | AH39: 168
A40: 01722542_IC_Garzas_Mir_1900 | B40: =_xlfn.XLOOKUP(A40,'RF Parameter'!I:I,'RF Parameter'!A:A) | C40: =_xlfn.XLOOKUP(A40,'RF Parameter'!I:I,'RF Parameter'!E:E) | D40: =_xlfn.XLOOKUP(A40,'RF Parameter'!I:I,'RF Parameter'!K:K) | E40: =_xlfn.XLOOKUP(A40,'RF Parameter'!I:I,'RF Parameter'!AB:AB) | F40: =_xlfn.XLOOKUP(A40,'RF Parameter'!I:I,'RF Parameter'!AA:AA) | G40: =_xlfn.XLOOKUP(A40,'RF Parameter'!I:I,'RF Parameter'!B:B) | H40: =_xlfn.XLOOKUP(A40,'RF Parameter'!I:I,'RF Parameter'!M:M) | I40: 4 | J40: =G40 | K40: - | L40: 716 | M40: 17 | N40: 2254 | O40: 72 | P40: 15M | Q40: 57 | R40: 903 | S40: 45652 | T40: 765.5 | U40: 710.5 | V40: 9285 | W40: 27285 | X40: 10.2 | Y40: =ROUNDUP((10^((X40+Z40)/10)/1000)*LEFT(P40,2)*5*12,0) | Z40: 0 | AA40: 0 | AB40: =Y40*I40 | AC40: - | AD40: - | AE40: 0 | AF40: 10 | AG40: 3 | AH40: 712
A41: 01722543_IC_Garzas_Mir_1900 | B41: =_xlfn.XLOOKUP(A41,'RF Parameter'!I:I,'RF Parameter'!A:A) | C41: =_xlfn.XLOOKUP(A41,'RF Parameter'!I:I,'RF Parameter'!E:E) | D41: =_xlfn.XLOOKUP(A41,'RF Parameter'!I:I,'RF Parameter'!K:K) | E41: =_xlfn.XLOOKUP(A41,'RF Parameter'!I:I,'RF Parameter'!AB:AB) | F41: =_xlfn.XLOOKUP(A41,'RF Parameter'!I:I,'RF Parameter'!AA:AA) | G41: =_xlfn.XLOOKUP(A41,'RF Parameter'!I:I,'RF Parameter'!B:B) | H41: =_xlfn.XLOOKUP(A41,'RF Parameter'!I:I,'RF Parameter'!M:M) | I41: 4 | J41: =G41 | K41: - | L41: 716 | M41: 17 | N41: 2254 | O41: 73 | P41: 15M | Q41: 58 | R41: 903 | S41: 45652 | T41: 765.5 | U41: 710.5 | V41: 9285 | W41: 27285 | X41: 12.2 | Y41: =ROUNDUP((10^((X41+Z41)/10)/1000)*LEFT(P41,2)*5*12,0) | Z41: 0 | AA41: 0 | AB41: =Y41*I41 | AC41: - | AD41: - | AE41: 0 | AF41: 10 | AG41: 3 | AH41: 112
A42: 01422541_IC_Garzas_Mir_1900 | B42: =_xlfn.XLOOKUP(A42,'RF Parameter'!I:I,'RF Parameter'!A:A) | C42: =_xlfn.XLOOKUP(A42,'RF Parameter'!I:I,'RF Parameter'!E:E) | D42: =_xlfn.XLOOKUP(A42,'RF Parameter'!I:I,'RF Parameter'!K:K) | E42: =_xlfn.XLOOKUP(A42,'RF Parameter'!I:I,'RF Parameter'!AB:AB) | F42: =_xlfn.XLOOKUP(A42,'RF Parameter'!I:I,'RF Parameter'!AA:AA) | G42: =_xlfn.XLOOKUP(A42,'RF Parameter'!I:I,'RF Parameter'!B:B) | H42: =_xlfn.XLOOKUP(A42,'RF Parameter'!I:I,'RF Parameter'!M:M) | I42: 4 | J42: =G42 | K42: - | L42: 716 | M42: 17 | N42: 2254 | O42: 1 | P42: 20M | Q42: 59 | R42: 903 | S42: 45652 | T42: 2140 | U42: 1740 | V42: 2250 | W42: 20250 | X42: 18.2 | Y42: =ROUNDUP((10^((X42+Z42)/10)/1000)*LEFT(P42,2)*5*12,0) | Z42: -3 | AA42: 1 | AB42: =Y42*I42 | AC42: - | AD42: - | AE42: 0 | AF42: 10 | AG42: 3 | AH42: 168
A43: 01422546_IC_Garzas_Mir_1900 | B43: =_xlfn.XLOOKUP(A43,'RF Parameter'!I:I,'RF Parameter'!A:A) | C43: =_xlfn.XLOOKUP(A43,'RF Parameter'!I:I,'RF Parameter'!E:E) | D43: =_xlfn.XLOOKUP(A43,'RF Parameter'!I:I,'RF Parameter'!K:K) | E43: =_xlfn.XLOOKUP(A43,'RF Parameter'!I:I,'RF Parameter'!AB:AB) | F43: =_xlfn.XLOOKUP(A43,'RF Parameter'!I:I,'RF Parameter'!AA:AA) | G43: =_xlfn.XLOOKUP(A43,'RF Parameter'!I:I,'RF Parameter'!B:B) | H43: =_xlfn.XLOOKUP(A43,'RF Parameter'!I:I,'RF Parameter'!M:M) | I43: 4 | J43: =G43 | K43: - | L43: 716 | M43: 17 | N43: 2254 | O43: 6 | P43: 20M | Q43: 168 | R43: 903 | S43: 45652 | T43: 2140 | U43: 1740 | V43: 2250 | W43: 20250 | X43: 18.2 | Y43: =ROUNDUP((10^((X43+Z43)/10)/1000)*LEFT(P43,2)*5*12,0) | Z43: -3 | AA43: 1 | AB43: =Y43*I43 | AC43: - | AD43: - | AE43: 0 | AF43: 10 | AG43: 3 | AH43: 160
A44: 01422542_IC_Garzas_Mir_1900 | B44: =_xlfn.XLOOKUP(A44,'RF Parameter'!I:I,'RF Parameter'!A:A) | C44: =_xlfn.XLOOKUP(A44,'RF Parameter'!I:I,'RF Parameter'!E:E) | D44: =_xlfn.XLOOKUP(A44,'RF Parameter'!I:I,'RF Parameter'!K:K) | E44: =_xlfn.XLOOKUP(A44,'RF Parameter'!I:I,'RF Parameter'!AB:AB) | F44: =_xlfn.XLOOKUP(A44,'RF Parameter'!I:I,'RF Parameter'!AA:AA) | G44: =_xlfn.XLOOKUP(A44,'RF Parameter'!I:I,'RF Parameter'!B:B) | H44: =_xlfn.XLOOKUP(A44,'RF Parameter'!I:I,'RF Parameter'!M:M) | I44: 4 | J44: =G44 | K44: - | L44: 716 | M44: 17 | N44: 2254 | O44: 2 | P44: 20M | Q44: 57 | R44: 903 | S44: 45652 | T44: 2140 | U44: 1740 | V44: 2250 | W44: 20250 | X44: 14 | Y44: =ROUNDUP((10^((X44+Z44)/10)/1000)*LEFT(P44,2)*5*12,0) | Z44: -3 | AA44: 1 | AB44: =Y44*I44 | AC44: - | AD44: - | AE44: 0 | AF44: 10 | AG44: 3 | AH44: 712
A45: 01422543_IC_Garzas_Mir_1900 | B45: =_xlfn.XLOOKUP(A45,'RF Parameter'!I:I,'RF Parameter'!A:A) | C45: =_xlfn.XLOOKUP(A45,'RF Parameter'!I:I,'RF Parameter'!E:E) | D45: =_xlfn.XLOOKUP(A45,'RF Parameter'!I:I,'RF Parameter'!K:K) | E45: =_xlfn.XLOOKUP(A45,'RF Parameter'!I:I,'RF Parameter'!AB:AB) | F45: =_xlfn.XLOOKUP(A45,'RF Parameter'!I:I,'RF Parameter'!AA:AA) | G45: =_xlfn.XLOOKUP(A45,'RF Parameter'!I:I,'RF Parameter'!B:B) | H45: =_xlfn.XLOOKUP(A45,'RF Parameter'!I:I,'RF Parameter'!M:M) | I45: 4 | J45: =G45 | K45: - | L45: 716 | M45: 17 | N45: 2254 | O45: 3 | P45: 20M | Q45: 58 | R45: 903 | S45: 45652 | T45: 2140 | U45: 1740 | V45: 2250 | W45: 20250 | X45: 17.2 | Y45: =ROUNDUP((10^((X45+Z45)/10)/1000)*LEFT(P45,2)*5*12,0) | Z45: -3 | AA45: 1 | AB45: =Y45*I45 | AC45: - | AD45: - | AE45: 0 | AF45: 10 | AG45: 3 | AH45: 112
A46: 09422541_IC_Garzas_Mir_1900 | B46: =_xlfn.XLOOKUP(A46,'RF Parameter'!I:I,'RF Parameter'!A:A) | C46: =_xlfn.XLOOKUP(A46,'RF Parameter'!I:I,'RF Parameter'!E:E) | D46: =_xlfn.XLOOKUP(A46,'RF Parameter'!I:I,'RF Parameter'!K:K) | E46: =_xlfn.XLOOKUP(A46,'RF Parameter'!I:I,'RF Parameter'!AB:AB) | F46: =_xlfn.XLOOKUP(A46,'RF Parameter'!I:I,'RF Parameter'!AA:AA) | G46: =_xlfn.XLOOKUP(A46,'RF Parameter'!I:I,'RF Parameter'!B:B) | H46: =_xlfn.XLOOKUP(A46,'RF Parameter'!I:I,'RF Parameter'!M:M) | I46: 4 | J46: =G46 | K46: - | L46: 716 | M46: 17 | N46: 2254 | O46: 191 | P46: 10M | Q46: 59 | R46: 903 | S46: 45652 | T46: 1968.8 | U46: 1888.8 | V46: 988 | W46: 18988 | X46: 12.2 | Y46: =ROUNDUP((10^((X46+Z46)/10)/1000)*LEFT(P46,2)*5*12,0) | Z46: -3 | AA46: 1 | AB46: =Y46*I46 | AC46: - | AD46: - | AE46: 0 | AF46: 10 | AG46: 3 | AH46: 168
A47: 09422546_IC_Garzas_Mir_1900 | B47: =_xlfn.XLOOKUP(A47,'RF Parameter'!I:I,'RF Parameter'!A:A) | C47: =_xlfn.XLOOKUP(A47,'RF Parameter'!I:I,'RF Parameter'!E:E) | D47: =_xlfn.XLOOKUP(A47,'RF Parameter'!I:I,'RF Parameter'!K:K) | E47: =_xlfn.XLOOKUP(A47,'RF Parameter'!I:I,'RF Parameter'!AB:AB) | F47: =_xlfn.XLOOKUP(A47,'RF Parameter'!I:I,'RF Parameter'!AA:AA) | G47: =_xlfn.XLOOKUP(A47,'RF Parameter'!I:I,'RF Parameter'!B:B) | H47: =_xlfn.XLOOKUP(A47,'RF Parameter'!I:I,'RF Parameter'!M:M) | I47: 4 | J47: =G47 | K47: - | L47: 716 | M47: 17 | N47: 2254 | O47: 196 | P47: 10M | Q47: 1 | R47: 903 | S47: 45652 | T47: 1968.8 | U47: 1888.8 | V47: 988 | W47: 18988 | X47: 12.2 | Y47: =ROUNDUP((10^((X47+Z47)/10)/1000)*LEFT(P47,2)*5*12,0) | Z47: -3 | AA47: 1 | AB47: =Y47*I47 | AC47: - | AD47: - | AE47: 0 | AF47: 10 | AG47: 3 | AH47: 30
A48: 09422542_IC_Garzas_Mir_1900 | B48: =_xlfn.XLOOKUP(A48,'RF Parameter'!I:I,'RF Parameter'!A:A) | C48: =_xlfn.XLOOKUP(A48,'RF Parameter'!I:I,'RF Parameter'!E:E) | D48: =_xlfn.XLOOKUP(A48,'RF Parameter'!I:I,'RF Parameter'!K:K) | E48: =_xlfn.XLOOKUP(A48,'RF Parameter'!I:I,'RF Parameter'!AB:AB) | F48: =_xlfn.XLOOKUP(A48,'RF Parameter'!I:I,'RF Parameter'!AA:AA) | G48: =_xlfn.XLOOKUP(A48,'RF Parameter'!I:I,'RF Parameter'!B:B) | H48: =_xlfn.XLOOKUP(A48,'RF Parameter'!I:I,'RF Parameter'!M:M) | I48: 4 | J48: =G48 | K48: - | L48: 716 | M48: 17 | N48: 2254 | O48: 192 | P48: 10M | Q48: 57 | R48: 903 | S48: 45652 | T48: 1968.8 | U48: 1888.8 | V48: 988 | W48: 18988 | X48: 12.2 | Y48: =ROUNDUP((10^((X48+Z48)/10)/1000)*LEFT(P48,2)*5*12,0) | Z48: -3 | AA48: 1 | AB48: =Y48*I48 | AC48: - | AD48: - | AE48: 0 | AF48: 10 | AG48: 3 | AH48: 712
A49: 09422543_IC_Garzas_Mir_1900 | B49: =_xlfn.XLOOKUP(A49,'RF Parameter'!I:I,'RF Parameter'!A:A) | C49: =_xlfn.XLOOKUP(A49,'RF Parameter'!I:I,'RF Parameter'!E:E) | D49: =_xlfn.XLOOKUP(A49,'RF Parameter'!I:I,'RF Parameter'!K:K) | E49: =_xlfn.XLOOKUP(A49,'RF Parameter'!I:I,'RF Parameter'!AB:AB) | F49: =_xlfn.XLOOKUP(A49,'RF Parameter'!I:I,'RF Parameter'!AA:AA) | G49: =_xlfn.XLOOKUP(A49,'RF Parameter'!I:I,'RF Parameter'!B:B) | H49: =_xlfn.XLOOKUP(A49,'RF Parameter'!I:I,'RF Parameter'!M:M) | I49: 4 | J49: =G49 | K49: - | L49: 716 | M49: 17 | N49: 2254 | O49: 193 | P49: 10M | Q49: 58 | R49: 903 | S49: 45652 | T49: 1968.8 | U49: 1888.8 | V49: 988 | W49: 18988 | X49: 13.2 | Y49: =ROUNDUP((10^((X49+Z49)/10)/1000)*LEFT(P49,2)*5*12,0) | Z49: -3 | AA49: 1 | AB49: =Y49*I49 | AC49: - | AD49: - | AE49: 0 | AF49: 10 | AG49: 3 | AH49: 112
A50: 01622541_IC_B40_Garzas_Mir_1900 | B50: =_xlfn.XLOOKUP(A50,'RF Parameter'!I:I,'RF Parameter'!A:A) | C50: =_xlfn.XLOOKUP(A50,'RF Parameter'!I:I,'RF Parameter'!E:E) | D50: =_xlfn.XLOOKUP(A50,'RF Parameter'!I:I,'RF Parameter'!K:K) | E50: =_xlfn.XLOOKUP(A50,'RF Parameter'!I:I,'RF Parameter'!AB:AB) | F50: =_xlfn.XLOOKUP(A50,'RF Parameter'!I:I,'RF Parameter'!AA:AA) | G50: =_xlfn.XLOOKUP(A50,'RF Parameter'!I:I,'RF Parameter'!B:B) | H50: =_xlfn.XLOOKUP(A50,'RF Parameter'!I:I,'RF Parameter'!M:M) | I50: 2 | J50: =G50 | K50: - | L50: 716 | M50: 17 | N50: 2254 | O50: 231 | P50: 15M | Q50: 2 | R50: 903 | S50: 45652 | T50: 2367.5 | U50: - | V50: 39325 | W50: - | X50: 14.2 | Y50: =ROUNDUP((10^((X50+Z50)/10)/1000)*LEFT(P50,2)*5*12,0) | Z50: -3 | AA50: 1 | AB50: =Y50*I50 | AC50: 2 | AD50: 7 | AE50: 0 | AF50: 10 | AG50: 0 | AH50: 24
A51: 01622546_IC_B40_Garzas_Mir_1900 | B51: =_xlfn.XLOOKUP(A51,'RF Parameter'!I:I,'RF Parameter'!A:A) | C51: =_xlfn.XLOOKUP(A51,'RF Parameter'!I:I,'RF Parameter'!E:E) | D51: =_xlfn.XLOOKUP(A51,'RF Parameter'!I:I,'RF Parameter'!K:K) | E51: =_xlfn.XLOOKUP(A51,'RF Parameter'!I:I,'RF Parameter'!AB:AB) | F51: =_xlfn.XLOOKUP(A51,'RF Parameter'!I:I,'RF Parameter'!AA:AA) | G51: =_xlfn.XLOOKUP(A51,'RF Parameter'!I:I,'RF Parameter'!B:B) | H51: =_xlfn.XLOOKUP(A51,'RF Parameter'!I:I,'RF Parameter'!M:M) | I51: 2 | J51: =G51 | K51: - | L51: 716 | M51: 17 | N51: 2254 | O51: 236 | P51: 15M | Q51: 2 | R51: 903 | S51: 45652 | T51: 2382.5 | U51: - | V51: 39475 | W51: - | X51: 14.2 | Y51: =ROUNDUP((10^((X51+Z51)/10)/1000)*LEFT(P51,2)*5*12,0) | Z51: -3 | AA51: 1 | AB51: =Y51*I51 | AC51: 2 | AD51: 7 | AE51: 0 | AF51: 10 | AG51: 0 | AH51: 24
A52: 01622542_IC_B40_Garzas_Mir_1900 | B52: =_xlfn.XLOOKUP(A52,'RF Parameter'!I:I,'RF Parameter'!A:A) | C52: =_xlfn.XLOOKUP(A52,'RF Parameter'!I:I,'RF Parameter'!E:E) | D52: =_xlfn.XLOOKUP(A52,'RF Parameter'!I:I,'RF Parameter'!K:K) | E52: =_xlfn.XLOOKUP(A52,'RF Parameter'!I:I,'RF Parameter'!AB:AB) | F52: =_xlfn.XLOOKUP(A52,'RF Parameter'!I:I,'RF Parameter'!AA:AA) | G52: =_xlfn.XLOOKUP(A52,'RF Parameter'!I:I,'RF Parameter'!B:B) | H52: =_xlfn.XLOOKUP(A52,'RF Parameter'!I:I,'RF Parameter'!M:M) | I52: 2 | J52: =G52 | K52: - | L52: 716 | M52: 17 | N52: 2254 | O52: 232 | P52: 15M | Q52: 321 | R52: 903 | S52: 45652 | T52: 2367.5 | U52: - | V52: 39325 | W52: - | X52: 12.2 | Y52: =ROUNDUP((10^((X52+Z52)/10)/1000)*LEFT(P52,2)*5*12,0) | Z52: -3 | AA52: 1 | AB52: =Y52*I52 | AC52: 2 | AD52: 7 | AE52: 0 | AF52: 10 | AG52: 0 | AH52: 272
A53: 01622547_IC_B40_Garzas_Mir_1900 | B53: =_xlfn.XLOOKUP(A53,'RF Parameter'!I:I,'RF Parameter'!A:A) | C53: =_xlfn.XLOOKUP(A53,'RF Parameter'!I:I,'RF Parameter'!E:E) | D53: =_xlfn.XLOOKUP(A53,'RF Parameter'!I:I,'RF Parameter'!K:K) | E53: =_xlfn.XLOOKUP(A53,'RF Parameter'!I:I,'RF Parameter'!AB:AB) | F53: =_xlfn.XLOOKUP(A53,'RF Parameter'!I:I,'RF Parameter'!AA:AA) | G53: =_xlfn.XLOOKUP(A53,'RF Parameter'!I:I,'RF Parameter'!B:B) | H53: =_xlfn.XLOOKUP(A53,'RF Parameter'!I:I,'RF Parameter'!M:M) | I53: 2 | J53: =G53 | K53: - | L53: 716 | M53: 17 | N53: 2254 | O53: 237 | P53: 15M | Q53: 312 | R53: 903 | S53: 45652 | T53: 2382.5 | U53: - | V53: 39475 | W53: - | X53: 12.2 | Y53: =ROUNDUP((10^((X53+Z53)/10)/1000)*LEFT(P53,2)*5*12,0) | Z53: -3 | AA53: 1 | AB53: =Y53*I53 | AC53: 2 | AD53: 7 | AE53: 0 | AF53: 10 | AG53: 0 | AH53: 568
A54: 01622543_IC_B40_Garzas_Mir_1900 | B54: =_xlfn.XLOOKUP(A54,'RF Parameter'!I:I,'RF Parameter'!A:A) | C54: =_xlfn.XLOOKUP(A54,'RF Parameter'!I:I,'RF Parameter'!E:E) | D54: =_xlfn.XLOOKUP(A54,'RF Parameter'!I:I,'RF Parameter'!K:K) | E54: =_xlfn.XLOOKUP(A54,'RF Parameter'!I:I,'RF Parameter'!AB:AB) | F54: =_xlfn.XLOOKUP(A54,'RF Parameter'!I:I,'RF Parameter'!AA:AA) | G54: =_xlfn.XLOOKUP(A54,'RF Parameter'!I:I,'RF Parameter'!B:B) | H54: =_xlfn.XLOOKUP(A54,'RF Parameter'!I:I,'RF Parameter'!M:M) | I54: 2 | J54: =G54 | K54: - | L54: 716 | M54: 17 | N54: 2254 | O54: 233 | P54: 15M | Q54: 58 | R54: 903 | S54: 45652 | T54: 2367.5 | U54: - | V54: 39325 | W54: - | X54: 14.2 | Y54: =ROUNDUP((10^((X54+Z54)/10)/1000)*LEFT(P54,2)*5*12,0) | Z54: -3 | AA54: 1 | AB54: =Y54*I54 | AC54: 2 | AD54: 7 | AE54: 0 | AF54: 10 | AG54: 0 | AH54: 112
A55: 01622548_IC_B40_Garzas_Mir_1900 | B55: =_xlfn.XLOOKUP(A55,'RF Parameter'!I:I,'RF Parameter'!A:A) | C55: =_xlfn.XLOOKUP(A55,'RF Parameter'!I:I,'RF Parameter'!E:E) | D55: =_xlfn.XLOOKUP(A55,'RF Parameter'!I:I,'RF Parameter'!K:K) | E55: =_xlfn.XLOOKUP(A55,'RF Parameter'!I:I,'RF Parameter'!AB:AB) | F55: =_xlfn.XLOOKUP(A55,'RF Parameter'!I:I,'RF Parameter'!AA:AA) | G55: =_xlfn.XLOOKUP(A55,'RF Parameter'!I:I,'RF Parameter'!B:B) | H55: =_xlfn.XLOOKUP(A55,'RF Parameter'!I:I,'RF Parameter'!M:M) | I55: 2 | J55: =G55 | K55: - | L55: 716 | M55: 17 | N55: 2254 | O55: 238 | P55: 15M | Q55: 301 | R55: 903 | S55: 45652 | T55: 2382.5 | U55: - | V55: 39475 | W55: - | X55: 14.2 | Y55: =ROUNDUP((10^((X55+Z55)/10)/1000)*LEFT(P55,2)*5*12,0) | Z55: -3 | AA55: 1 | AB55: =Y55*I55 | AC55: 2 | AD55: 7 | AE55: 0 | AF55: 10 | AG55: 0 | AH55: 392
A56: 01746821_IC_Clemente_Bajo | B56: =_xlfn.XLOOKUP(A56,'RF Parameter'!I:I,'RF Parameter'!A:A) | C56: =_xlfn.XLOOKUP(A56,'RF Parameter'!I:I,'RF Parameter'!E:E) | D56: =_xlfn.XLOOKUP(A56,'RF Parameter'!I:I,'RF Parameter'!K:K) | E56: =_xlfn.XLOOKUP(A56,'RF Parameter'!I:I,'RF Parameter'!AB:AB) | F56: =_xlfn.XLOOKUP(A56,'RF Parameter'!I:I,'RF Parameter'!AA:AA) | G56: =_xlfn.XLOOKUP(A56,'RF Parameter'!I:I,'RF Parameter'!B:B) | H56: =_xlfn.XLOOKUP(A56,'RF Parameter'!I:I,'RF Parameter'!M:M) | I56: 4 | J56: =G56 | K56: - | L56: 716 | M56: 17 | N56: 4682 | O56: 71 | P56: 15M | Q56: 315 | R56: 903 | S56: 45652 | T56: 765.5 | U56: 710.5 | V56: 9285 | W56: 27285 | X56: 12 | Y56: =ROUNDUP((10^((X56+Z56)/10)/1000)*LEFT(P56,2)*5*12,0) | Z56: 0 | AA56: 0 | AB56: =Y56*I56 | AC56: - | AD56: - | AE56: 0 | AF56: 10 | AG56: 3 | AH56: 408
A57: 01746822_IC_Clemente_Bajo | B57: =_xlfn.XLOOKUP(A57,'RF Parameter'!I:I,'RF Parameter'!A:A) | C57: =_xlfn.XLOOKUP(A57,'RF Parameter'!I:I,'RF Parameter'!E:E) | D57: =_xlfn.XLOOKUP(A57,'RF Parameter'!I:I,'RF Parameter'!K:K) | E57: =_xlfn.XLOOKUP(A57,'RF Parameter'!I:I,'RF Parameter'!AB:AB) | F57: =_xlfn.XLOOKUP(A57,'RF Parameter'!I:I,'RF Parameter'!AA:AA) | G57: =_xlfn.XLOOKUP(A57,'RF Parameter'!I:I,'RF Parameter'!B:B) | H57: =_xlfn.XLOOKUP(A57,'RF Parameter'!I:I,'RF Parameter'!M:M) | I57: 4 | J57: =G57 | K57: - | L57: 716 | M57: 17 | N57: 4682 | O57: 72 | P57: 15M | Q57: 316 | R57: 903 | S57: 45652 | T57: 765.5 | U57: 710.5 | V57: 9285 | W57: 27285 | X57: 9.2 | Y57: =ROUNDUP((10^((X57+Z57)/10)/1000)*LEFT(P57,2)*5*12,0) | Z57: 0 | AA57: 1 | AB57: =Y57*I57 | AC57: - | AD57: - | AE57: 0 | AF57: 10 | AG57: 3 | AH57: 440
A58: 01746823_IC_Clemente_Bajo | B58: =_xlfn.XLOOKUP(A58,'RF Parameter'!I:I,'RF Parameter'!A:A) | C58: =_xlfn.XLOOKUP(A58,'RF Parameter'!I:I,'RF Parameter'!E:E) | D58: =_xlfn.XLOOKUP(A58,'RF Parameter'!I:I,'RF Parameter'!K:K) | E58: =_xlfn.XLOOKUP(A58,'RF Parameter'!I:I,'RF Parameter'!AB:AB) | F58: =_xlfn.XLOOKUP(A58,'RF Parameter'!I:I,'RF Parameter'!AA:AA) | G58: =_xlfn.XLOOKUP(A58,'RF Parameter'!I:I,'RF Parameter'!B:B) | H58: =_xlfn.XLOOKUP(A58,'RF Parameter'!I:I,'RF Parameter'!M:M) | I58: 4 | J58: =G58 | K58: - | L58: 716 | M58: 17 | N58: 4682 | O58: 73 | P58: 15M | Q58: 317 | R58: 903 | S58: 45652 | T58: 765.5 | U58: 710.5 | V58: 9285 | W58: 27285 | X58: 9.2 | Y58: =ROUNDUP((10^((X58+Z58)/10)/1000)*LEFT(P58,2)*5*12,0) | Z58: 0 | AA58: 0 | AB58: =Y58*I58 | AC58: - | AD58: - | AE58: 0 | AF58: 10 | AG58: 3 | AH58: 448
A59: 01446821_IC_Clemente_Bajo | B59: =_xlfn.XLOOKUP(A59,'RF Parameter'!I:I,'RF Parameter'!A:A) | C59: =_xlfn.XLOOKUP(A59,'RF Parameter'!I:I,'RF Parameter'!E:E) | D59: =_xlfn.XLOOKUP(A59,'RF Parameter'!I:I,'RF Parameter'!K:K) | E59: =_xlfn.XLOOKUP(A59,'RF Parameter'!I:I,'RF Parameter'!AB:AB) | F59: =_xlfn.XLOOKUP(A59,'RF Parameter'!I:I,'RF Parameter'!AA:AA) | G59: =_xlfn.XLOOKUP(A59,'RF Parameter'!I:I,'RF Parameter'!B:B) | H59: =_xlfn.XLOOKUP(A59,'RF Parameter'!I:I,'RF Parameter'!M:M) | I59: 4 | J59: =G59 | K59: - | L59: 716 | M59: 17 | N59: 4682 | O59: 1 | P59: 20M | Q59: 315 | R59: 903 | S59: 45652 | T59: 2140 | U59: 1740 | V59: 2250 | W59: 20250 | X59: 15 | Y59: =ROUNDUP((10^((X59+Z59)/10)/1000)*LEFT(P59,2)*5*12,0) | Z59: -3 | AA59: 1 | AB59: =Y59*I59 | AC59: - | AD59: - | AE59: 0 | AF59: 10 | AG59: 3 | AH59: 408
A60: 01446822_IC_Clemente_Bajo | B60: =_xlfn.XLOOKUP(A60,'RF Parameter'!I:I,'RF Parameter'!A:A) | C60: =_xlfn.XLOOKUP(A60,'RF Parameter'!I:I,'RF Parameter'!E:E) | D60: =_xlfn.XLOOKUP(A60,'RF Parameter'!I:I,'RF Parameter'!K:K) | E60: =_xlfn.XLOOKUP(A60,'RF Parameter'!I:I,'RF Parameter'!AB:AB) | F60: =_xlfn.XLOOKUP(A60,'RF Parameter'!I:I,'RF Parameter'!AA:AA) | G60: =_xlfn.XLOOKUP(A60,'RF Parameter'!I:I,'RF Parameter'!B:B) | H60: =_xlfn.XLOOKUP(A60,'RF Parameter'!I:I,'RF Parameter'!M:M) | I60: 4 | J60: =G60 | K60: - | L60: 716 | M60: 17 | N60: 4682 | O60: 2 | P60: 20M | Q60: 316 | R60: 903 | S60: 45652 | T60: 2140 | U60: 1740 | V60: 2250 | W60: 20250 | X60: 15.1 | Y60: =ROUNDUP((10^((X60+Z60)/10)/1000)*LEFT(P60,2)*5*12,0) | Z60: -3 | AA60: 1 | AB60: =Y60*I60 | AC60: - | AD60: - | AE60: 0 | AF60: 10 | AG60: 3 | AH60: 440
A61: 01446823_IC_Clemente_Bajo | B61: =_xlfn.XLOOKUP(A61,'RF Parameter'!I:I,'RF Parameter'!A:A) | C61: =_xlfn.XLOOKUP(A61,'RF Parameter'!I:I,'RF Parameter'!E:E) | D61: =_xlfn.XLOOKUP(A61,'RF Parameter'!I:I,'RF Parameter'!K:K) | E61: =_xlfn.XLOOKUP(A61,'RF Parameter'!I:I,'RF Parameter'!AB:AB) | F61: =_xlfn.XLOOKUP(A61,'RF Parameter'!I:I,'RF Parameter'!AA:AA) | G61: =_xlfn.XLOOKUP(A61,'RF Parameter'!I:I,'RF Parameter'!B:B) | H61: =_xlfn.XLOOKUP(A61,'RF Parameter'!I:I,'RF Parameter'!M:M) | I61: 4 | J61: =G61 | K61: - | L61: 716 | M61: 17 | N61: 4682 | O61: 3 | P61: 20M | Q61: 317 | R61: 903 | S61: 45652 | T61: 2140 | U61: 1740 | V61: 2250 | W61: 20250 | X61: 15.2 | Y61: =ROUNDUP((10^((X61+Z61)/10)/1000)*LEFT(P61,2)*5*12,0) | Z61: -3 | AA61: 1 | AB61: =Y61*I61 | AC61: - | AD61: - | AE61: 0 | AF61: 10 | AG61: 3 | AH61: 448
A62: 09446821_IC_Clemente_Bajo | B62: =_xlfn.XLOOKUP(A62,'RF Parameter'!I:I,'RF Parameter'!A:A) | C62: =_xlfn.XLOOKUP(A62,'RF Parameter'!I:I,'RF Parameter'!E:E) | D62: =_xlfn.XLOOKUP(A62,'RF Parameter'!I:I,'RF Parameter'!K:K) | E62: =_xlfn.XLOOKUP(A62,'RF Parameter'!I:I,'RF Parameter'!AB:AB) | F62: =_xlfn.XLOOKUP(A62,'RF Parameter'!I:I,'RF Parameter'!AA:AA) | G62: =_xlfn.XLOOKUP(A62,'RF Parameter'!I:I,'RF Parameter'!B:B) | H62: =_xlfn.XLOOKUP(A62,'RF Parameter'!I:I,'RF Parameter'!M:M) | I62: 4 | J62: =G62 | K62: - | L62: 716 | M62: 17 | N62: 4682 | O62: 191 | P62: 10M | Q62: 315 | R62: 903 | S62: 45652 | T62: 1968.8 | U62: 1888.8 | V62: 988 | W62: 18988 | X62: 13.4 | Y62: =ROUNDUP((10^((X62+Z62)/10)/1000)*LEFT(P62,2)*5*12,0) | Z62: -3 | AA62: 1 | AB62: =Y62*I62 | AC62: - | AD62: - | AE62: 0 | AF62: 10 | AG62: 3 | AH62: 408
A63: 09446822_IC_Clemente_Bajo | B63: =_xlfn.XLOOKUP(A63,'RF Parameter'!I:I,'RF Parameter'!A:A) | C63: =_xlfn.XLOOKUP(A63,'RF Parameter'!I:I,'RF Parameter'!E:E) | D63: =_xlfn.XLOOKUP(A63,'RF Parameter'!I:I,'RF Parameter'!K:K) | E63: =_xlfn.XLOOKUP(A63,'RF Parameter'!I:I,'RF Parameter'!AB:AB) | F63: =_xlfn.XLOOKUP(A63,'RF Parameter'!I:I,'RF Parameter'!AA:AA) | G63: =_xlfn.XLOOKUP(A63,'RF Parameter'!I:I,'RF Parameter'!B:B) | H63: =_xlfn.XLOOKUP(A63,'RF Parameter'!I:I,'RF Parameter'!M:M) | I63: 4 | J63: =G63 | K63: - | L63: 716 | M63: 17 | N63: 4682 | O63: 192 | P63: 10M | Q63: 316 | R63: 903 | S63: 45652 | T63: 1968.8 | U63: 1888.8 | V63: 988 | W63: 18988 | X63: 11.7 | Y63: =ROUNDUP((10^((X63+Z63)/10)/1000)*LEFT(P63,2)*5*12,0) | Z63: -3 | AA63: 1 | AB63: =Y63*I63 | AC63: - | AD63: - | AE63: 0 | AF63: 10 | AG63: 3 | AH63: 440
A64: 09446823_IC_Clemente_Bajo | B64: =_xlfn.XLOOKUP(A64,'RF Parameter'!I:I,'RF Parameter'!A:A) | C64: =_xlfn.XLOOKUP(A64,'RF Parameter'!I:I,'RF Parameter'!E:E) | D64: =_xlfn.XLOOKUP(A64,'RF Parameter'!I:I,'RF Parameter'!K:K) | E64: =_xlfn.XLOOKUP(A64,'RF Parameter'!I:I,'RF Parameter'!AB:AB) | F64: =_xlfn.XLOOKUP(A64,'RF Parameter'!I:I,'RF Parameter'!AA:AA) | G64: =_xlfn.XLOOKUP(A64,'RF Parameter'!I:I,'RF Parameter'!B:B) | H64: =_xlfn.XLOOKUP(A64,'RF Parameter'!I:I,'RF Parameter'!M:M) | I64: 4 | J64: =G64 | K64: - | L64: 716 | M64: 17 | N64: 4682 | O64: 193 | P64: 10M | Q64: 317 | R64: 903 | S64: 45652 | T64: 1968.8 | U64: 1888.8 | V64: 988 | W64: 18988 | X64: 12.2 | Y64: =ROUNDUP((10^((X64+Z64)/10)/1000)*LEFT(P64,2)*5*12,0) | Z64: -3 | AA64: 1 | AB64: =Y64*I64 | AC64: - | AD64: - | AE64: 0 | AF64: 10 | AG64: 3 | AH64: 448
A65: 01646821_IC_Clemente_Bajo | B65: =_xlfn.XLOOKUP(A65,'RF Parameter'!I:I,'RF Parameter'!A:A) | C65: =_xlfn.XLOOKUP(A65,'RF Parameter'!I:I,'RF Parameter'!E:E) | D65: =_xlfn.XLOOKUP(A65,'RF Parameter'!I:I,'RF Parameter'!K:K) | E65: =_xlfn.XLOOKUP(A65,'RF Parameter'!I:I,'RF Parameter'!AB:AB) | F65: =_xlfn.XLOOKUP(A65,'RF Parameter'!I:I,'RF Parameter'!AA:AA) | G65: =_xlfn.XLOOKUP(A65,'RF Parameter'!I:I,'RF Parameter'!B:B) | H65: =_xlfn.XLOOKUP(A65,'RF Parameter'!I:I,'RF Parameter'!M:M) | I65: 2 | J65: =G65 | K65: - | L65: 716 | M65: 17 | N65: 4682 | O65: 231 | P65: 15M | Q65: 8 | R65: 903 | S65: 45652 | T65: 2367.5 | U65: - | V65: 39325 | W65: - | X65: 15.2 | Y65: =ROUNDUP((10^((X65+Z65)/10)/1000)*LEFT(P65,2)*5*12,0) | Z65: 0 | AA65: 1 | AB65: =Y65*I65 | AC65: 2 | AD65: 7 | AE65: 0 | AF65: 10 | AG65: 0 | AH65: 30
A66: 01646822_IC_Clemente_Bajo | B66: =_xlfn.XLOOKUP(A66,'RF Parameter'!I:I,'RF Parameter'!A:A) | C66: =_xlfn.XLOOKUP(A66,'RF Parameter'!I:I,'RF Parameter'!E:E) | D66: =_xlfn.XLOOKUP(A66,'RF Parameter'!I:I,'RF Parameter'!K:K) | E66: =_xlfn.XLOOKUP(A66,'RF Parameter'!I:I,'RF Parameter'!AB:AB) | F66: =_xlfn.XLOOKUP(A66,'RF Parameter'!I:I,'RF Parameter'!AA:AA) | G66: =_xlfn.XLOOKUP(A66,'RF Parameter'!I:I,'RF Parameter'!B:B) | H66: =_xlfn.XLOOKUP(A66,'RF Parameter'!I:I,'RF Parameter'!M:M) | I66: 2 | J66: =G66 | K66: - | L66: 716 | M66: 17 | N66: 4682 | O66: 232 | P66: 15M | Q66: 6 | R66: 903 | S66: 45652 | T66: 2367.5 | U66: - | V66: 39325 | W66: - | X66: 15.2 | Y66: =ROUNDUP((10^((X66+Z66)/10)/1000)*LEFT(P66,2)*5*12,0) | Z66: 0 | AA66: 1 | AB66: =Y66*I66 | AC66: 2 | AD66: 7 | AE66: 0 | AF66: 10 | AG66: 0 | AH66: 42
A67: 01646823_IC_Clemente_Bajo | B67: =_xlfn.XLOOKUP(A67,'RF Parameter'!I:I,'RF Parameter'!A:A) | C67: =_xlfn.XLOOKUP(A67,'RF Parameter'!I:I,'RF Parameter'!E:E) | D67: =_xlfn.XLOOKUP(A67,'RF Parameter'!I:I,'RF Parameter'!K:K) | E67: =_xlfn.XLOOKUP(A67,'RF Parameter'!I:I,'RF Parameter'!AB:AB) | F67: =_xlfn.XLOOKUP(A67,'RF Parameter'!I:I,'RF Parameter'!AA:AA) | G67: =_xlfn.XLOOKUP(A67,'RF Parameter'!I:I,'RF Parameter'!B:B) | H67: =_xlfn.XLOOKUP(A67,'RF Parameter'!I:I,'RF Parameter'!M:M) | I67: 2 | J67: =G67 | K67: - | L67: 716 | M67: 17 | N67: 4682 | O67: 233 | P67: 15M | Q67: 7 | R67: 903 | S67: 45652 | T67: 2367.5 | U67: - | V67: 39325 | W67: - | X67: 15.2 | Y67: =ROUNDUP((10^((X67+Z67)/10)/1000)*LEFT(P67,2)*5*12,0) | Z67: 0 | AA67: 1 | AB67: =Y67*I67 | AC67: 2 | AD67: 7 | AE67: 0 | AF67: 10 | AG67: 0 | AH67: 36
A68: 01646826_IC_Clemente_Bajo | B68: =_xlfn.XLOOKUP(A68,'RF Parameter'!I:I,'RF Parameter'!A:A) | C68: =_xlfn.XLOOKUP(A68,'RF Parameter'!I:I,'RF Parameter'!E:E) | D68: =_xlfn.XLOOKUP(A68,'RF Parameter'!I:I,'RF Parameter'!K:K) | E68: =_xlfn.XLOOKUP(A68,'RF Parameter'!I:I,'RF Parameter'!AB:AB) | F68: =_xlfn.XLOOKUP(A68,'RF Parameter'!I:I,'RF Parameter'!AA:AA) | G68: =_xlfn.XLOOKUP(A68,'RF Parameter'!I:I,'RF Parameter'!B:B) | H68: =_xlfn.XLOOKUP(A68,'RF Parameter'!I:I,'RF Parameter'!M:M) | I68: 2 | J68: =G68 | K68: - | L68: 716 | M68: 17 | N68: 4682 | O68: 236 | P68: 15M | Q68: 8 | R68: 903 | S68: 45652 | T68: 2382.5 | U68: - | V68: 39475 | W68: - | X68: 15.2 | Y68: =ROUNDUP((10^((X68+Z68)/10)/1000)*LEFT(P68,2)*5*12,0) | Z68: 0 | AA68: 1 | AB68: =Y68*I68 | AC68: 2 | AD68: 7 | AE68: 0 | AF68: 10 | AG68: 0 | AH68: 30
A69: 01646827_IC_Clemente_Bajo | B69: =_xlfn.XLOOKUP(A69,'RF Parameter'!I:I,'RF Parameter'!A:A) | C69: =_xlfn.XLOOKUP(A69,'RF Parameter'!I:I,'RF Parameter'!E:E) | D69: =_xlfn.XLOOKUP(A69,'RF Parameter'!I:I,'RF Parameter'!K:K) | E69: =_xlfn.XLOOKUP(A69,'RF Parameter'!I:I,'RF Parameter'!AB:AB) | F69: =_xlfn.XLOOKUP(A69,'RF Parameter'!I:I,'RF Parameter'!AA:AA) | G69: =_xlfn.XLOOKUP(A69,'RF Parameter'!I:I,'RF Parameter'!B:B) | H69: =_xlfn.XLOOKUP(A69,'RF Parameter'!I:I,'RF Parameter'!M:M) | I69: 2 | J69: =G69 | K69: - | L69: 716 | M69: 17 | N69: 4682 | O69: 237 | P69: 15M | Q69: 6 | R69: 903 | S69: 45652 | T69: 2382.5 | U69: - | V69: 39475 | W69: - | X69: 15.2 | Y69: =ROUNDUP((10^((X69+Z69)/10)/1000)*LEFT(P69,2)*5*12,0) | Z69: 0 | AA69: 1 | AB69: =Y69*I69 | AC69: 2 | AD69: 7 | AE69: 0 | AF69: 10 | AG69: 0 | AH69: 42
A70: 01646828_IC_Clemente_Bajo | B70: =_xlfn.XLOOKUP(A70,'RF Parameter'!I:I,'RF Parameter'!A:A) | C70: =_xlfn.XLOOKUP(A70,'RF Parameter'!I:I,'RF Parameter'!E:E) | D70: =_xlfn.XLOOKUP(A70,'RF Parameter'!I:I,'RF Parameter'!K:K) | E70: =_xlfn.XLOOKUP(A70,'RF Parameter'!I:I,'RF Parameter'!AB:AB) | F70: =_xlfn.XLOOKUP(A70,'RF Parameter'!I:I,'RF Parameter'!AA:AA) | G70: =_xlfn.XLOOKUP(A70,'RF Parameter'!I:I,'RF Parameter'!B:B) | H70: =_xlfn.XLOOKUP(A70,'RF Parameter'!I:I,'RF Parameter'!M:M) | I70: 2 | J70: =G70 | K70: - | L70: 716 | M70: 17 | N70: 4682 | O70: 238 | P70: 15M | Q70: 7 | R70: 903 | S70: 45652 | T70: 2382.5 | U70: - | V70: 39475 | W70: - | X70: 15.2 | Y70: =ROUNDUP((10^((X70+Z70)/10)/1000)*LEFT(P70,2)*5*12,0) | Z70: 0 | AA70: 1 | AB70: =Y70*I70 | AC70: 2 | AD70: 7 | AE70: 0 | AF70: 10 | AG70: 0 | AH70: 36
A71: 01746911_IC_Villa_Amaru | B71: =_xlfn.XLOOKUP(A71,'RF Parameter'!I:I,'RF Parameter'!A:A) | C71: =_xlfn.XLOOKUP(A71,'RF Parameter'!I:I,'RF Parameter'!E:E) | D71: =_xlfn.XLOOKUP(A71,'RF Parameter'!I:I,'RF Parameter'!K:K) | E71: =_xlfn.XLOOKUP(A71,'RF Parameter'!I:I,'RF Parameter'!AB:AB) | F71: =_xlfn.XLOOKUP(A71,'RF Parameter'!I:I,'RF Parameter'!AA:AA) | G71: =_xlfn.XLOOKUP(A71,'RF Parameter'!I:I,'RF Parameter'!B:B) | H71: =_xlfn.XLOOKUP(A71,'RF Parameter'!I:I,'RF Parameter'!M:M) | I71: 4 | J71: =G71 | K71: - | L71: 716 | M71: 17 | N71: 4691 | O71: 71 | P71: 15M | Q71: 43 | R71: 903 | S71: 45652 | T71: 765.5 | U71: 710.5 | V71: 9285 | W71: 27285 | X71: 11.2 | Y71: =ROUNDUP((10^((X71+Z71)/10)/1000)*LEFT(P71,2)*5*12,0) | Z71: 0 | AA71: 0 | AB71: =Y71*I71 | AC71: - | AD71: - | AE71: 0 | AF71: 10 | AG71: 3 | AH71: 200
A72: 01746912_IC_Villa_Amaru | B72: =_xlfn.XLOOKUP(A72,'RF Parameter'!I:I,'RF Parameter'!A:A) | C72: =_xlfn.XLOOKUP(A72,'RF Parameter'!I:I,'RF Parameter'!E:E) | D72: =_xlfn.XLOOKUP(A72,'RF Parameter'!I:I,'RF Parameter'!K:K) | E72: =_xlfn.XLOOKUP(A72,'RF Parameter'!I:I,'RF Parameter'!AB:AB) | F72: =_xlfn.XLOOKUP(A72,'RF Parameter'!I:I,'RF Parameter'!AA:AA) | G72: =_xlfn.XLOOKUP(A72,'RF Parameter'!I:I,'RF Parameter'!B:B) | H72: =_xlfn.XLOOKUP(A72,'RF Parameter'!I:I,'RF Parameter'!M:M) | I72: 4 | J72: =G72 | K72: - | L72: 716 | M72: 17 | N72: 4691 | O72: 72 | P72: 15M | Q72: 44 | R72: 903 | S72: 45652 | T72: 765.5 | U72: 710.5 | V72: 9285 | W72: 27285 | X72: 12.2 | Y72: =ROUNDUP((10^((X72+Z72)/10)/1000)*LEFT(P72,2)*5*12,0) | Z72: 0 | AA72: 0 | AB72: =Y72*I72 | AC72: - | AD72: - | AE72: 0 | AF72: 10 | AG72: 3 | AH72: 224
A73: 01746913_IC_Villa_Amaru | B73: =_xlfn.XLOOKUP(A73,'RF Parameter'!I:I,'RF Parameter'!A:A) | C73: =_xlfn.XLOOKUP(A73,'RF Parameter'!I:I,'RF Parameter'!E:E) | D73: =_xlfn.XLOOKUP(A73,'RF Parameter'!I:I,'RF Parameter'!K:K) | E73: =_xlfn.XLOOKUP(A73,'RF Parameter'!I:I,'RF Parameter'!AB:AB) | F73: =_xlfn.XLOOKUP(A73,'RF Parameter'!I:I,'RF Parameter'!AA:AA) | G73: =_xlfn.XLOOKUP(A73,'RF Parameter'!I:I,'RF Parameter'!B:B) | H73: =_xlfn.XLOOKUP(A73,'RF Parameter'!I:I,'RF Parameter'!M:M) | I73: 4 | J73: =G73 | K73: - | L73: 716 | M73: 17 | N73: 4691 | O73: 73 | P73: 15M | Q73: 45 | R73: 903 | S73: 45652 | T73: 765.5 | U73: 710.5 | V73: 9285 | W73: 27285 | X73: 10.2 | Y73: =ROUNDUP((10^((X73+Z73)/10)/1000)*LEFT(P73,2)*5*12,0) | Z73: 0 | AA73: 0 | AB73: =Y73*I73 | AC73: - | AD73: - | AE73: 0 | AF73: 10 | AG73: 3 | AH73: 240
A74: 01446911_IC_Villa_Amaru | B74: =_xlfn.XLOOKUP(A74,'RF Parameter'!I:I,'RF Parameter'!A:A) | C74: =_xlfn.XLOOKUP(A74,'RF Parameter'!I:I,'RF Parameter'!E:E) | D74: =_xlfn.XLOOKUP(A74,'RF Parameter'!I:I,'RF Parameter'!K:K) | E74: =_xlfn.XLOOKUP(A74,'RF Parameter'!I:I,'RF Parameter'!AB:AB) | F74: =_xlfn.XLOOKUP(A74,'RF Parameter'!I:I,'RF Parameter'!AA:AA) | G74: =_xlfn.XLOOKUP(A74,'RF Parameter'!I:I,'RF Parameter'!B:B) | H74: =_xlfn.XLOOKUP(A74,'RF Parameter'!I:I,'RF Parameter'!M:M) | I74: 4 | J74: =G74 | K74: - | L74: 716 | M74: 17 | N74: 4691 | O74: 1 | P74: 20M | Q74: 192 | R74: 903 | S74: 45652 | T74: 2140 | U74: 1740 | V74: 2250 | W74: 20250 | X74: 15.2 | Y74: =ROUNDUP((10^((X74+Z74)/10)/1000)*LEFT(P74,2)*5*12,0) | Z74: -3 | AA74: 1 | AB74: =Y74*I74 | AC74: - | AD74: - | AE74: 0 | AF74: 10 | AG74: 3 | AH74: 416
A75: 01446912_IC_Villa_Amaru | B75: =_xlfn.XLOOKUP(A75,'RF Parameter'!I:I,'RF Parameter'!A:A) | C75: =_xlfn.XLOOKUP(A75,'RF Parameter'!I:I,'RF Parameter'!E:E) | D75: =_xlfn.XLOOKUP(A75,'RF Parameter'!I:I,'RF Parameter'!K:K) | E75: =_xlfn.XLOOKUP(A75,'RF Parameter'!I:I,'RF Parameter'!AB:AB) | F75: =_xlfn.XLOOKUP(A75,'RF Parameter'!I:I,'RF Parameter'!AA:AA) | G75: =_xlfn.XLOOKUP(A75,'RF Parameter'!I:I,'RF Parameter'!B:B) | H75: =_xlfn.XLOOKUP(A75,'RF Parameter'!I:I,'RF Parameter'!M:M) | I75: 4 | J75: =G75 | K75: - | L75: 716 | M75: 17 | N75: 4691 | O75: 2 | P75: 20M | Q75: 193 | R75: 903 | S75: 45652 | T75: 2140 | U75: 1740 | V75: 2250 | W75: 20250 | X75: 16.2 | Y75: =ROUNDUP((10^((X75+Z75)/10)/1000)*LEFT(P75,2)*5*12,0) | Z75: -3 | AA75: 1 | AB75: =Y75*I75 | AC75: - | AD75: - | AE75: 0 | AF75: 10 | AG75: 3 | AH75: 424
A76: 01446913_IC_Villa_Amaru | B76: =_xlfn.XLOOKUP(A76,'RF Parameter'!I:I,'RF Parameter'!A:A) | C76: =_xlfn.XLOOKUP(A76,'RF Parameter'!I:I,'RF Parameter'!E:E) | D76: =_xlfn.XLOOKUP(A76,'RF Parameter'!I:I,'RF Parameter'!K:K) | E76: =_xlfn.XLOOKUP(A76,'RF Parameter'!I:I,'RF Parameter'!AB:AB) | F76: =_xlfn.XLOOKUP(A76,'RF Parameter'!I:I,'RF Parameter'!AA:AA) | G76: =_xlfn.XLOOKUP(A76,'RF Parameter'!I:I,'RF Parameter'!B:B) | H76: =_xlfn.XLOOKUP(A76,'RF Parameter'!I:I,'RF Parameter'!M:M) | I76: 4 | J76: =G76 | K76: - | L76: 716 | M76: 17 | N76: 4691 | O76: 3 | P76: 20M | Q76: 194 | R76: 903 | S76: 45652 | T76: 2140 | U76: 1740 | V76: 2250 | W76: 20250 | X76: 12.2 | Y76: =ROUNDUP((10^((X76+Z76)/10)/1000)*LEFT(P76,2)*5*12,0) | Z76: -3 | AA76: 1 | AB76: =Y76*I76 | AC76: - | AD76: - | AE76: 0 | AF76: 10 | AG76: 3 | AH76: 432
A77: 09446911_IC_Villa_Amaru | B77: =_xlfn.XLOOKUP(A77,'RF Parameter'!I:I,'RF Parameter'!A:A) | C77: =_xlfn.XLOOKUP(A77,'RF Parameter'!I:I,'RF Parameter'!E:E) | D77: =_xlfn.XLOOKUP(A77,'RF Parameter'!I:I,'RF Parameter'!K:K) | E77: =_xlfn.XLOOKUP(A77,'RF Parameter'!I:I,'RF Parameter'!AB:AB) | F77: =_xlfn.XLOOKUP(A77,'RF Parameter'!I:I,'RF Parameter'!AA:AA) | G77: =_xlfn.XLOOKUP(A77,'RF Parameter'!I:I,'RF Parameter'!B:B) | H77: =_xlfn.XLOOKUP(A77,'RF Parameter'!I:I,'RF Parameter'!M:M) | I77: 4 | J77: =G77 | K77: - | L77: 716 | M77: 17 | N77: 4691 | O77: 191 | P77: 10M | Q77: 192 | R77: 903 | S77: 45652 | T77: 1968.8 | U77: 1888.8 | V77: 988 | W77: 18988 | X77: 14.2 | Y77: =ROUNDUP((10^((X77+Z77)/10)/1000)*LEFT(P77,2)*5*12,0) | Z77: -3 | AA77: 1 | AB77: =Y77*I77 | AC77: - | AD77: - | AE77: 0 | AF77: 10 | AG77: 3 | AH77: 416
A78: 09446912_IC_Villa_Amaru | B78: =_xlfn.XLOOKUP(A78,'RF Parameter'!I:I,'RF Parameter'!A:A) | C78: =_xlfn.XLOOKUP(A78,'RF Parameter'!I:I,'RF Parameter'!E:E) | D78: =_xlfn.XLOOKUP(A78,'RF Parameter'!I:I,'RF Parameter'!K:K) | E78: =_xlfn.XLOOKUP(A78,'RF Parameter'!I:I,'RF Parameter'!AB:AB) | F78: =_xlfn.XLOOKUP(A78,'RF Parameter'!I:I,'RF Parameter'!AA:AA) | G78: =_xlfn.XLOOKUP(A78,'RF Parameter'!I:I,'RF Parameter'!B:B) | H78: =_xlfn.XLOOKUP(A78,'RF Parameter'!I:I,'RF Parameter'!M:M) | I78: 4 | J78: =G78 | K78: - | L78: 716 | M78: 17 | N78: 4691 | O78: 192 | P78: 10M | Q78: 193 | R78: 903 | S78: 45652 | T78: 1968.8 | U78: 1888.8 | V78: 988 | W78: 18988 | X78: 13.2 | Y78: =ROUNDUP((10^((X78+Z78)/10)/1000)*LEFT(P78,2)*5*12,0) | Z78: -3 | AA78: 1 | AB78: =Y78*I78 | AC78: - | AD78: - | AE78: 0 | AF78: 10 | AG78: 3 | AH78: 424
A79: 09446913_IC_Villa_Amaru | B79: =_xlfn.XLOOKUP(A79,'RF Parameter'!I:I,'RF Parameter'!A:A) | C79: =_xlfn.XLOOKUP(A79,'RF Parameter'!I:I,'RF Parameter'!E:E) | D79: =_xlfn.XLOOKUP(A79,'RF Parameter'!I:I,'RF Parameter'!K:K) | E79: =_xlfn.XLOOKUP(A79,'RF Parameter'!I:I,'RF Parameter'!AB:AB) | F79: =_xlfn.XLOOKUP(A79,'RF Parameter'!I:I,'RF Parameter'!AA:AA) | G79: =_xlfn.XLOOKUP(A79,'RF Parameter'!I:I,'RF Parameter'!B:B) | H79: =_xlfn.XLOOKUP(A79,'RF Parameter'!I:I,'RF Parameter'!M:M) | I79: 4 | J79: =G79 | K79: - | L79: 716 | M79: 17 | N79: 4691 | O79: 193 | P79: 10M | Q79: 194 | R79: 903 | S79: 45652 | T79: 1968.8 | U79: 1888.8 | V79: 988 | W79: 18988 | X79: 11.2 | Y79: =ROUNDUP((10^((X79+Z79)/10)/1000)*LEFT(P79,2)*5*12,0) | Z79: -3 | AA79: 1 | AB79: =Y79*I79 | AC79: - | AD79: - | AE79: 0 | AF79: 10 | AG79: 3 | AH79: 432
A80: 01646911_IC_Villa_Amaru | B80: =_xlfn.XLOOKUP(A80,'RF Parameter'!I:I,'RF Parameter'!A:A) | C80: =_xlfn.XLOOKUP(A80,'RF Parameter'!I:I,'RF Parameter'!E:E) | D80: =_xlfn.XLOOKUP(A80,'RF Parameter'!I:I,'RF Parameter'!K:K) | E80: =_xlfn.XLOOKUP(A80,'RF Parameter'!I:I,'RF Parameter'!AB:AB) | F80: =_xlfn.XLOOKUP(A80,'RF Parameter'!I:I,'RF Parameter'!AA:AA) | G80: =_xlfn.XLOOKUP(A80,'RF Parameter'!I:I,'RF Parameter'!B:B) | H80: =_xlfn.XLOOKUP(A80,'RF Parameter'!I:I,'RF Parameter'!M:M) | I80: 2 | J80: =G80 | K80: - | L80: 716 | M80: 17 | N80: 4691 | O80: 231 | P80: 15M | Q80: 1 | R80: 903 | S80: 45652 | T80: 2367.5 | U80: - | V80: 39325 | W80: - | X80: 15.2 | Y80: =ROUNDUP((10^((X80+Z80)/10)/1000)*LEFT(P80,2)*5*12,0) | Z80: 0 | AA80: 1 | AB80: =Y80*I80 | AC80: 2 | AD80: 7 | AE80: 0 | AF80: 10 | AG80: 0 | AH80: 60
A81: 01646912_IC_Villa_Amaru | B81: =_xlfn.XLOOKUP(A81,'RF Parameter'!I:I,'RF Parameter'!A:A) | C81: =_xlfn.XLOOKUP(A81,'RF Parameter'!I:I,'RF Parameter'!E:E) | D81: =_xlfn.XLOOKUP(A81,'RF Parameter'!I:I,'RF Parameter'!K:K) | E81: =_xlfn.XLOOKUP(A81,'RF Parameter'!I:I,'RF Parameter'!AB:AB) | F81: =_xlfn.XLOOKUP(A81,'RF Parameter'!I:I,'RF Parameter'!AA:AA) | G81: =_xlfn.XLOOKUP(A81,'RF Parameter'!I:I,'RF Parameter'!B:B) | H81: =_xlfn.XLOOKUP(A81,'RF Parameter'!I:I,'RF Parameter'!M:M) | I81: 2 | J81: =G81 | K81: - | L81: 716 | M81: 17 | N81: 4691 | O81: 232 | P81: 15M | Q81: 5 | R81: 903 | S81: 45652 | T81: 2367.5 | U81: - | V81: 39325 | W81: - | X81: 15.2 | Y81: =ROUNDUP((10^((X81+Z81)/10)/1000)*LEFT(P81,2)*5*12,0) | Z81: 0 | AA81: 1 | AB81: =Y81*I81 | AC81: 2 | AD81: 7 | AE81: 0 | AF81: 10 | AG81: 0 | AH81: 48
A82: 01646913_IC_Villa_Amaru | B82: =_xlfn.XLOOKUP(A82,'RF Parameter'!I:I,'RF Parameter'!A:A) | C82: =_xlfn.XLOOKUP(A82,'RF Parameter'!I:I,'RF Parameter'!E:E) | D82: =_xlfn.XLOOKUP(A82,'RF Parameter'!I:I,'RF Parameter'!K:K) | E82: =_xlfn.XLOOKUP(A82,'RF Parameter'!I:I,'RF Parameter'!AB:AB) | F82: =_xlfn.XLOOKUP(A82,'RF Parameter'!I:I,'RF Parameter'!AA:AA) | G82: =_xlfn.XLOOKUP(A82,'RF Parameter'!I:I,'RF Parameter'!B:B) | H82: =_xlfn.XLOOKUP(A82,'RF Parameter'!I:I,'RF Parameter'!M:M) | I82: 2 | J82: =G82 | K82: - | L82: 716 | M82: 17 | N82: 4691 | O82: 233 | P82: 15M | Q82: 0 | R82: 903 | S82: 45652 | T82: 2367.5 | U82: - | V82: 39325 | W82: - | X82: 15.2 | Y82: =ROUNDUP((10^((X82+Z82)/10)/1000)*LEFT(P82,2)*5*12,0) | Z82: 0 | AA82: 1 | AB82: =Y82*I82 | AC82: 2 | AD82: 7 | AE82: 0 | AF82: 10 | AG82: 0 | AH82: 54
A83: 01646916_IC_Villa_Amaru | B83: =_xlfn.XLOOKUP(A83,'RF Parameter'!I:I,'RF Parameter'!A:A) | C83: =_xlfn.XLOOKUP(A83,'RF Parameter'!I:I,'RF Parameter'!E:E) | D83: =_xlfn.XLOOKUP(A83,'RF Parameter'!I:I,'RF Parameter'!K:K) | E83: =_xlfn.XLOOKUP(A83,'RF Parameter'!I:I,'RF Parameter'!AB:AB) | F83: =_xlfn.XLOOKUP(A83,'RF Parameter'!I:I,'RF Parameter'!AA:AA) | G83: =_xlfn.XLOOKUP(A83,'RF Parameter'!I:I,'RF Parameter'!B:B) | H83: =_xlfn.XLOOKUP(A83,'RF Parameter'!I:I,'RF Parameter'!M:M) | I83: 2 | J83: =G83 | K83: - | L83: 716 | M83: 17 | N83: 4691 | O83: 236 | P83: 15M | Q83: 1 | R83: 903 | S83: 45652 | T83: 2382.5 | U83: - | V83: 39475 | W83: - | X83: 15.2 | Y83: =ROUNDUP((10^((X83+Z83)/10)/1000)*LEFT(P83,2)*5*12,0) | Z83: 0 | AA83: 1 | AB83: =Y83*I83 | AC83: 2 | AD83: 7 | AE83: 0 | AF83: 10 | AG83: 0 | AH83: 60
A84: 01646917_IC_Villa_Amaru | B84: =_xlfn.XLOOKUP(A84,'RF Parameter'!I:I,'RF Parameter'!A:A) | C84: =_xlfn.XLOOKUP(A84,'RF Parameter'!I:I,'RF Parameter'!E:E) | D84: =_xlfn.XLOOKUP(A84,'RF Parameter'!I:I,'RF Parameter'!K:K) | E84: =_xlfn.XLOOKUP(A84,'RF Parameter'!I:I,'RF Parameter'!AB:AB) | F84: =_xlfn.XLOOKUP(A84,'RF Parameter'!I:I,'RF Parameter'!AA:AA) | G84: =_xlfn.XLOOKUP(A84,'RF Parameter'!I:I,'RF Parameter'!B:B) | H84: =_xlfn.XLOOKUP(A84,'RF Parameter'!I:I,'RF Parameter'!M:M) | I84: 2 | J84: =G84 | K84: - | L84: 716 | M84: 17 | N84: 4691 | O84: 237 | P84: 15M | Q84: 5 | R84: 903 | S84: 45652 | T84: 2382.5 | U84: - | V84: 39475 | W84: - | X84: 15.2 | Y84: =ROUNDUP((10^((X84+Z84)/10)/1000)*LEFT(P84,2)*5*12,0) | Z84: 0 | AA84: 1 | AB84: =Y84*I84 | AC84: 2 | AD84: 7 | AE84: 0 | AF84: 10 | AG84: 0 | AH84: 48
A85: 01646918_IC_Villa_Amaru | B85: =_xlfn.XLOOKUP(A85,'RF Parameter'!I:I,'RF Parameter'!A:A) | C85: =_xlfn.XLOOKUP(A85,'RF Parameter'!I:I,'RF Parameter'!E:E) | D85: =_xlfn.XLOOKUP(A85,'RF Parameter'!I:I,'RF Parameter'!K:K) | E85: =_xlfn.XLOOKUP(A85,'RF Parameter'!I:I,'RF Parameter'!AB:AB) | F85: =_xlfn.XLOOKUP(A85,'RF Parameter'!I:I,'RF Parameter'!AA:AA) | G85: =_xlfn.XLOOKUP(A85,'RF Parameter'!I:I,'RF Parameter'!B:B) | H85: =_xlfn.XLOOKUP(A85,'RF Parameter'!I:I,'RF Parameter'!M:M) | I85: 2 | J85: =G85 | K85: - | L85: 716 | M85: 17 | N85: 4691 | O85: 238 | P85: 15M | Q85: 0 | R85: 903 | S85: 45652 | T85: 2382.5 | U85: - | V85: 39475 | W85: - | X85: 15.2 | Y85: =ROUNDUP((10^((X85+Z85)/10)/1000)*LEFT(P85,2)*5*12,0) | Z85: 0 | AA85: 1 | AB85: =Y85*I85 | AC85: 2 | AD85: 7 | AE85: 0 | AF85: 10 | AG85: 0 | AH85: 54

Sheet 5G
A1: Cell Name | B1: Site Name | C1: Sector ID | D1: RRU Type | E1: TX/RX mode | F1: NE Name | G1: gNodeB Name | H1: gNodeB ID | I1: gNBIdLength | J1: CI | K1: Band | L1: Bandwidth(Mhz) | M1: MCC | N1: MNC | O1: PCI | P1: Center Frequency | Q1: ARFCN | R1: Cell Totally Power(W) | S1: powerPerRERef（dBm） | T1: SSSoffset（dB） | U1: SSB Power(dBm) | V1: Preamble Format | W1: Frame Format | X1: Ncs | Y1: PrachConfigIndex | Z1: RSI | AA1: BeamAzimuth | AI1: Tilt | AQ1: HorizontalBeamwidth | AY1: VerticalBeamwidth
AA2: 0 | AB2: 1 | AC2: 2 | AD2: 3 | AE2: 4 | AF2: 5 | AG2: 6 | AH2: 7 | AI2: 0 | AJ2: 1 | AK2: 2 | AL2: 3 | AM2: 4 | AN2: 5 | AO2: 6 | AP2: 7 | AQ2: 0 | AR2: 1 | AS2: 2 | AT2: 3 | AU2: 4 | AV2: 5 | AW2: 6 | AX2: 7 | AY2: 0 | AZ2: 1 | BA2: 2 | BB2: 3 | BC2: 4 | BD2: 5 | BE2: 6 | BF2: 7
A3: xxx46821_IC_Clemente_Bajo | B3: =_xlfn.XLOOKUP(A3,'RF Parameter'!I:I,'RF Parameter'!A:A) | C3: =_xlfn.XLOOKUP(A3,'RF Parameter'!I:I,'RF Parameter'!K:K) | D3: =_xlfn.XLOOKUP(A3,'RF Parameter'!I:I,'RF Parameter'!AB:AB) | E3: =_xlfn.XLOOKUP(A3,'RF Parameter'!I:I,'RF Parameter'!AA:AA) | F3: =_xlfn.XLOOKUP(A3,'RF Parameter'!I:I,'RF Parameter'!B:B) | G3: =F3 | J3: 51 | K3: N3500 | M3: 716 | N3: 17 | O3: 0 | T3: 0
A4: xxx46822_IC_Clemente_Bajo | B4: =_xlfn.XLOOKUP(A4,'RF Parameter'!I:I,'RF Parameter'!A:A) | C4: =_xlfn.XLOOKUP(A4,'RF Parameter'!I:I,'RF Parameter'!K:K) | D4: =_xlfn.XLOOKUP(A4,'RF Parameter'!I:I,'RF Parameter'!AB:AB) | E4: =_xlfn.XLOOKUP(A4,'RF Parameter'!I:I,'RF Parameter'!AA:AA) | F4: =_xlfn.XLOOKUP(A4,'RF Parameter'!I:I,'RF Parameter'!B:B) | G4: =F4 | J4: 52 | K4: N3500 | M4: 716 | N4: 17 | O4: 1 | T4: 0
A5: xxx46823_IC_Clemente_Bajo | B5: =_xlfn.XLOOKUP(A5,'RF Parameter'!I:I,'RF Parameter'!A:A) | C5: =_xlfn.XLOOKUP(A5,'RF Parameter'!I:I,'RF Parameter'!K:K) | D5: =_xlfn.XLOOKUP(A5,'RF Parameter'!I:I,'RF Parameter'!AB:AB) | E5: =_xlfn.XLOOKUP(A5,'RF Parameter'!I:I,'RF Parameter'!AA:AA) | F5: =_xlfn.XLOOKUP(A5,'RF Parameter'!I:I,'RF Parameter'!B:B) | G5: =F5 | J5: 53 | K5: N3500 | M5: 716 | N5: 17 | O5: 2 | T5: 0

Sheet Comment

Sheet NBIOT
A1: NODO_New | B1: Cluster | C1: Sector ID | D1: Site_Sector | E1: Sector_Band | F1: RRU Type | G1: TX/RX mode | H1: MCC | I1: MNC | J1: eNodeB Name | K1: eNodeB ID | L1: Cell Name | M1: CI | N1: Frequency band | O1: operationMode | P1: Downlink Center Carrier Frequency(Mhz) | Q1: DLFreqOffset(Khz) | R1: Uplink Center Carrier Frequency(Mhz) | S1: ULFreqOffset(Khz) | T1: PCI | U1: TAC | V1: nrs_CRS_PowerOffset(dB) | W1: NBAssociatedLTECId | X1: maxCPTransPwr(W) | Y1: cpSpeRefSigPwr(dBm)
A2: NUR_7ZHOL | B2: GC | C2: 1 | D2: =A2&"_"&C2 | E2: =D2&"_"&N2 | F2: R9222 | G2: 2T2R | H2: 401 | I2: 01 | J2: NUR_7zhol_nL81821U21 | K2: 9318 | L2: L8_NUR_7zhol_n-10 | M2: 225 | N2: L8 | O2: Guardband | P2: =811+9.7 | Q2: -2.5 | R2: =P2+41 | S2: -10 | T2: 138 | U2: 10999 | W2: 10 | X2: 1.6 | Y2: 21.2
